English,Armenian
19th century,19-րդ դար
1960–1980,1960–1980
1980–2000,1980–2000
20th century,20-րդ դար
20th century,20-րդ դար
21st century,21-րդ դար
Abstract algebra,Աբստրակտ հանրահաշիվ
Abrahamic religions,Աբրահամյան կրոններ
Azerbaijan,Ադրբեջան
Azerbaijani,Ադրբեջան
America,Ամերիկա
Americas,Ամերիկացիներ
Americas,Ամերիկացիներ
American TV networks,Ամերիկյան հեռուստատեսային ցանց
Other,Այլ
The English language,Անգլերեն
Angola,Անգոլա
Real estate,Անշարժ գույք
Ancient,Անտիկ շրջան
World War I,Առաջին աշխարհամարտ
Health and fitness,Առողջություն և մարմնամարզություն
Asia,Ասիա
Asia,Ասիա
Books of the Bible,Աստվածաշնչի գրքեր
Atomic physics,Ատոմային ֆիիկա
"Atomic, molecular and optical physics","Ատոմային, մոլեկուլային և օպտիկական ֆիզիկա"
Acceleration,Արագացում
East Africa,Արևելյան Աֆրիկա
Eastern folklore,Արևելյան ժողովրդական մշակույթ
Prose writers,Արձակագիրներ
Africa,Աֆրիկա
Africa,Աֆրիկա
Bacteria,Բակտերիաներ
Banks,Բանկեր
Belarus,Բելառուս
Belgium,Բելգիա
Belgium,Բելգիա
Baseball (55/55 quota),Բեյսբոլ 
Byzantine Empire,Բյուզանդական կայսրություն
Brazil,Բրազիլիա
Britain,Բրիտանիա
Art film,Գեղարվեստական կինոնկար
Germanic mythology,Գերմանական դիցբանություն
German TV networks,Գերմանական հեռուստատեսային ցանց
Linear algebra,Գծային հանրահաշիվ
"Agriculture, Labor and Economy","Գյուղատնտեսություն, աշխատուժ և տնտեսություն"
Color,Գույն
Libraries,Գրադարաններ
Writers,Գրողներ
Books,Գրքեր
Classical,Դասական
Classical mechanics,Դասական մեխանիկա
Actors,Դերասաններ
Actresses,Դերասանուհիներ
Disco,Դիսկո
Discrete mathematics,Դիսկրետ մաթեմատիկա
Egypt,Եգիպտոս
Trigonometry,Եռանկյունաչափություն
Europe,Եվրոպա
Europe,Եվրոպա
Length,Երկարություն
Country,Երկիր
Geology,Երկրաբանություն
Munitions and arms,Զենք և զինամթերք
Amusement parks,Զվարճանքի այգիներ
Ethnic groups,Էթնիկ խմբեր
Electrical resistance,Էլեկտրական դիմադրություն
Ecuador,Էկվադոր
General,Ընդհանուր
By geographic location,Ըստ աշխարհագրական վայրի
By culture and religion,Ըստ մշակույթի և կրոնի
Turkmenistan,Թուքմենիաստան
Number theory,Թվերի տեսություն
Inca,Ինկեր
Infectious disease,Ինֆեկցիոն հիվանդություններ
Israel,Իսրայել
Trust law,Իրավունքի օրենք
Density,Խտություն
Organized crime,Կազմակերպված հանցագործություն
Canada,Կանադա
Canada,Կանադա
Pottery,Կավագործություն
Categories,Կատեգորիաներ
Caribbean,Կարիբյան շրջան
Central Asia,Կենտրոնական Ասիա
Central Asia and Iran,Կենտրոնական Ասիա և Իրան
"Central Asia, Iran, Caucasus","Կենտրոնական Ասիա, Իրան և Կովկաս"
Central Europe,Կենտրոնական Եվրոպա
Central India,Կենտրոնական Հնդկաստան
Visual arts,Կերպարվեստ
Skeletal system,Կմախք
"Film, television, video games and other entertainment","Կնոնկար, հեռուստատեսություն, վիդեո խաղեր և այլ զվարճանքներ"
Crocodilia,Կոկորդիլոսներ
Comics,Կոմիքսներ
Complex analysis,Կոմպլեքս անալիզ
Education,Կրթություն
Cricket,Կրիկետ
Frequency,Հաճախականություն
Computer science,Համակարգչային գիտություն
Computing and information technology,Համակարգչային և տեղեկատվական տեխնոլոգիաներ
Armenia,Հայաստան
Armenian,Հայերեն
Mineralogy,Հանքաբանություն
Theory of relativity,Հարաբերականության տեսություն
Yugoslavia,Հարավսլավիա
Post-classical,Հետ դասական շրջան
Post-classical era,Հետ դասական շրջան
Post-classical history,Հետդասական պատմություն
Post-classical history,Հետդասական պատմություն
Heroes,Հերոսներ
Seven Wonders of the Ancient World,Հին աշխարհի յոթ հրաշալիքները
Ancient Rome,Հին Հռոմ
Northeastern India,Հյուսիս-արևելյան Հնդկաստան
Northern Africa,Հյուսիսային Աֆրիկա
Northern Europe,Հյուսիսային Եվրոպա
North Korea,Հյուսիսային Կորեա
Northeast China,Հյուսիսային Չինաստան
Psychology schools,Հոգեբանական դպրոց
Jordan,Հորդանան
Judaism,Հուդաիզմ
Greek,Հույներ
Greek mythological people,Հունական դիցաբանականն կերպարներ
Hungary,Հունգարիա
Road transport,Ճանապարհային տրանսպորտ
Japan,Ճապոնիա
Architects,Ճարտարապետեր
Architecture,Ճարտարապետություն
Calculus and analysis,Մաթեմատիկական անալիզ
Area,Մակերես
Children's books,Մանկական գրքեր
Gymnastics,Մարմնամարզիկներ
Gymnastics (25/25 quota),Մարմնամարզիկներ
Morocco,Մարոկո
Mechanics,Մեխանիկա
Mexico,Մեքսիկա
Culture,Մշակույթ
Modern,Մոդեռն
Modern [about 1815-1945],Մոդեռն ոճ (1815-1845)
Molecular biology,Մոլեկուլյար կենսաբանություն
Mongol Khans,Մոնղոլական խաներ
Nazi Germany,Նացիստական Գերմանիա
Norway,Նորվեգիա
Chess,Շախմատ
Dogs,Շներ
Uzbekistan,Ուզբեկստան
Food and drink,Ուտելիք և խմիչք
Ural,Ուրալ
Uruguay,Ուրուգվայ
Chad,Չադ
Poetic works,Չափածո գործեր
Czechoslovakia,Չեխոսլովակիա
Chile,Չիլի
China,Չինաստան
China,Չինաստան
Non-flowering plants,Չծաղկող բույսեր
Palau,Պալաու
Poker,Պոկեր
Carnivorous plants,Պտղատու բույսեր
Violist,Ջութակահար
Radioactivity,Ռադիոակտիվություն
Ragtime,Ռեգթայմ
Russia,Ռուսաստան
Rock,Ռոք
Board games,Սեղանի խաղեր
Singapore,Սինգապուր
"Food, water and health","Սնունդ, ջուր և առողջություն"
Early modern,Վաղ մոդեռն
Late modern,Ուշ մոդեռն
Statistics,Վիճակագրություն
Vitamins,Վիտանիններ
Volga,Վոլգա
Video game designers,Տեսախաղերի դիզայներներ
Video game hardware,Տեսախաղերի սարքային ապահովում
Tibet,Տիբեթ
Space,Տիեզերք
Economics,Տնտեսություն
"Transport (40 articles) <!--Railroads, shipping, aviation, vehicle manufacturing-->",Տրանսպորտ
Cartography,Քարտեզագրություն
Chemistry,Քիմիա
Khmer,Քմերներ
Quantum numbers,Քվանտային թվեր
Christianity,Քրիստոնեություն
Olympics,Օլիմպիակա խաղեր
Olympic Games,Օլիմպիական խաղեր
Oman,Օման
Opera,Օպերա
Oceania,Օվկիանիա
Oceania,Օվկիանիա
Law,Օրենք
19th century fiction,19-րդ դարի արձակագրություն
20th century fiction,20-րդ դարի արձակագրություն
20th century modern,20-րդ դարի արդիականություն 
21st century contemporary,21-րդ դարի արդիականություն
21st century fiction,21-րդ դարի արձակագրություն
Abrahamic and Judaic mythology,Արաբական և հրեական առասպելաբանություն
Absorbed dose,Լուծվող չափաբաժին
Academic Disciplines,Ակադեմիական կարգապահություն
Academic journals,Ակադեմիական լրագրեր
ACC,
Accessories,Աքսեսուարներ
Accipitriformes and Falconiformes,Ճուռականմաններ և բազեանմաններ
Accordionist,Ակորդիոնիստ
Accounting,Հաշվապահություն
Acipenseriformes,Թառափանմաններ
Action,Գործողություն
Active galactic nucleus,Ակտիվ գալակտիկական միջուկ
Administrative law,Վարչական իրավունք
Aeolian landforms,Ռելիեֆի էոլային ձևեր
Aerospace,Օդագնացություն
Aesthetics,Գեղագիտություն
Afghanistan,Ավղանիստան
Afghanistan and Taliban,Ավղանիստան և Թալիբան
African,Աֆրիկա
African mythology,Աֆրիկյան առասպելաբանություն
African popular music,Աֆրիկյան հայտնի երաժշտություն
Afroasiatic languages,Աֆրոասիական լեզուներ
Afterlife,Հետմահու
Agnatha,Անծնոտներ
Agricultural machinery and tools,Գյուղատնտեսական սարքավորումներ և գործիքներ
Agricultural tools,Գյուղատնտեսական գործիքներ
Agriculture,Գյուղատնտեսություն
Agriculture and Ecology,Գյուղատնտեսություն  բնապահպանություն
Agronomical techniques,Հողագործական տեխնիկա
Agronomy,Հողագործություն
Air,Օդ
Air sports,Օդային սպորտաձևեր
Airlines,Օդային ուղիներ
Airports,Օդանավակայան
Albania,Ալբանիա
Albanian,Ալբանական
Alcoholic drinks,Ոգելից խմիչքներ
Algebra,Հանրահաշիվ
Algeria,Ալժիր
Alismatales,
Alkaloids,Ալկալոիդներ
Alphabets and writing systems,Այբուբեններ և գրելաձևեր
Alternative music,Այլընտրանքային երաժշտություն
American and Canadian hip-hop,Ամերիկյան և կանադական հիփ-հոպ
American Civil War,Ամերիկյան քաղաքացիական պատերազմ
American football,Ամերիկյան ֆուտբոլ
American football (40/40 quota),
Ammunition,Ռազմամթերք
Amount of substance,Նյութի ծավալ
Amphibians,Երկկենցաղներ
Amusement park people,Զվարճանքների այգու մարդիկ
Analytical chemistry,Վերլուծական քիմիա
Anatomy and morphology,Անատոմիա և մորֆոլոգիա
Ancient and post-classical,Հին և հետ-դասական
Ancient era,Հնադարյան տարածաշրջան
Ancient history,Հնադարյան պատմություն
Ancient history,Հնադարյան պատմություն
Ancient religions,Հնադարյան կրոններ
Ancient sports (5/5 quota),Նախնադարյան սպորտաձևեր
Anesthetics,Անզգայացնող միջոց
Angle,Անկյուն
Anguilliformes,
Angular velocity,Անկյունային հաճախականություն
Animal anatomy and morphology,Կենդանական անատոմիա և  մորֆոլոգիա
Animal breeds and hybrids,Կենդանական անատոմիա և հիբրիդներ
Animal husbandry,Անասնաբուծություն
Animal ontogeny,
Animal reproduction,Կենդանիների վերարտադրություն
Animal sport,Կենդանական սպորտաձև
Animal-powered transport,
Animation,Անիմացիա
Anseriformes,Սագանմաններ
Antarctica,Անտարկտիդա
Anthems and patriotic songs,Օրհներգեր և հայրենասիրական երգեր
Anthropologists and archaeologists,Մարդաբաններ և հնեաբաններ
Anthropology,Մարդաբանություն
Antibiotics,Հակաբորբոքայիններ
Antigua and Barbuda,Անտիգուա և Բարբուդա 
Antimatter,Հակամարմին
Antipopes,Հակապապականներ
Apes,Կապիկներ
Apiales,
Apodiformes,
Applications,Դիմումներ
Approaches,Մոտեցումներ
Aquifers,Ջրիմուռներ
Arabic,Արաբական
Arachnids,Սարդակերպեր
Archaea,Արքեա
Archaeplastida,Արքոպլաստիդներ
Archery,Աղեղնաձգություն
Arecales,Արմավենածաղկավորներ
Argentina,Արգենտինա
Armour,Սպառազինություն
Arson,Հրդեհում
Art and music schools,Արվեստի և երաժշտության դպրոց
"Art historians, musicologists and critics","Արվեստագետներ, երաժշտագետներ և քննադատներ"
"Arthropoda, others",Հոդվածոտանիներ և ուրիշներ
Artificial intelligence concepts,Արհեստական բանականության հասկացությունը
Artificial landforms,Արհեստական հողաձևեր
Artillery and siege,Արտիլերիա և պաշարում
Artist's tools,Արվեստագետի գործիքներ
Asia and Oceania,Ասիա և Օվկիանիա
Asian,Ասիական
Asparagales,
Assassination,Սպանություն
Association football,Ֆուտբոլ
Association football,Ֆուտբոլ
Association football (110/110 quota),Ֆուտբոլ (110/110 քվոտա)
Assyria,Ասորեստան
Asterales,աստղածաղկազգիներ
Astrologers,Աստղագուշակություն
Astronomical objects,Աստղագիտական մարմին
Astronomical technology,Աստղագիտական տեխնոլոգիաներ
Astronomy,Աստղագիտություն
Astronomy basics,Աստղագիտության հիմունքներ
Athletics,Աթլետիկա
Athletics (90/90 quota),Աթլետիկա
Atmosphere,Մթնոլորտ
Atmospheric circulation,Մթնոլորտի շրջանառություն
Atmospheric optics,Մթնոլորտի օպտիկա
Atmospheric science,Մթնոլորտի մասին գիտություն
Australia,Ավստրալիա
Australia,Ավստրալիա
Australian aborigine mythology,Ավստրալիայի աբորիգենների դիսաբանություն
Australian and New Zealand hip-hop,Ավստրալիայի և Նոր Զելանդիայի հիփ-հոփ
Australian rules football,Ավստրալիական ֆուտբոլ
Australian TV networks,Ավստրալիական հոռուստատեսություններ
Australopithecines,
Austria,Ավստրիա
Austria,Ավստրիա
Austro-Asiatic languages,Ավստրոասիական լեզուներ
Austronesian languages,Ավստրոնեզյան լեզուներ
Auto racing (40/40 quota),Ավտոմրցարշավ (40/40 քվոտա)
Automobile,Ավտոմեքենա
Automotive,Ավտոմոբիլային
Auxiliary sciences of history,Պատմությանը օժանդակ գիտություններ
Avant-garde/postmodern,Ավանգարդ/պոստմոդերն
Aviation,Ավիայիա
Awards,Մրցանակներ
Aztec,Ացտեկ
Babylon,Բաբելոն
Badminton,Բադմինտոն/ փետրագնդակ
Bagpipes,Պարկապզուկ
Bahá'í Faith,Բահայի հավատ
Bahamas,Բահամաներ
Bahrain,Բահրեյն
Ballet,Բալետ
Ballroom dance,Սպորտային պարահանդեսային պարեր
Baltic languages,Բալթյան լեզուներ
Bandy,Գնդակով հոկեյ
Bangladesh,Բանգլադեշ
Banking and finance,Բանկային գործունեություն և ֆինանսներ
"Banking, finance and trade","Բանկային գործունեություն, ֆինանսներ և առևտուր"
Barbados,Բարբադոս
Baroque,Բարոկկո
Baseball,Բեյսբոլ
Basic anatomy,Հիմնական Անատոմիա
Basic film concepts,Ֆիմի հիմնական հասկացություններ
Basic forms,Հիմնական ձևեր
Basics,Հիմունքներ
Basics,Հիմունքներ
Basics,Հիմունքներ
Basketball,Բասկետբոլ
Basketball (60/60 quota),Բասկետբոլ (60/60 քվոտա)
Basque pelota,Բասկյան պելոտա
Batoidea,Կատվաձկներ
Bats,Չղջիկներ
Battles,Ճակատամարտեր
Beach Soccer,Լողափային ֆուտբոլ
Bears,Արջեր
Beetles (Coleoptera),Բզեզներ 
Belarusian,Բելառուսիա
Beliefs,Հավատքներ
Belize,Բելիզ
Beloniformes,Սարգանանմաններ
Bengali,Բենգալացիներ
Benin,Բենին
Bermuda,Բերմունդյան կղզիներ
Berries,հատապտուղներ
Bhutan,Բութան
Biathlon,Բիաթլոն
Big 12,Big 12 կոնֆերենցիա
Big East,Big East կոնֆերենցիա
Big Ten,Big Ten կոնֆերենցիա
Biochemistry,Կենսաքիմիա
Biochemistry and molecular biology,Կենսաքիմիա և մոլեկուլային կենսաբանություն
Biographies and memoirs,Կենսագրություն և հուշեր
Biological pigments,Կենսաբանական պիգմենտ
Biological processes and physiology,Կենսաբանական գործընթացներ և ֆիզիոլոգիա
Biological reproduction,Կենսաբանական բազմացում
Biology,Կենսաբանություն
Biology basics,Կենսաբանության հիմունքներ
Biomes,Բիոմներ
Biotechnology,Կենսատեխնոլոգիա
Birds,Թռչյուններ
Bison,Բիզոններ
Blues and related genres,Բլյուզ և հարակից ժանրեր
"Blues, R&B and Soul","Բլյուզ, Ռիթմ ընդ բլյուզ և Սոուլ"
"Blues, R&B, Gospel, Funk, Zydeco and Soul","Բլյուզ, Ռիթմ ընդ բլյուզ, Գոսպել, Ֆանկ, զայդեկո  և Սոուլ"
BMX,BMX
Board game and toy designers,Սեղանի խաղ և խաղալիքների դիզայներներ
Bobsleigh,Բոբսլեյ
Bodies of water,Ջրային մարմիններ
Body modification,Մարմնի վերափոխություն
Bodybuilding,Բոդիբիլդինգ
Bolivia,Բոլիվիա
Bosnia and Herzegovina,Բոսնիա և Հերցեգովինա
Bosons,Բոզոններ
Botanical fruits used as culinary vegetables,Բուսական մրգեր որոնք օգտագործվում են որպես խոհարարական բանջարեղեններ
Botany,Բուսաբանություն
Botswana,Բոտսվանա
Bouzouki,Բուզուկի
Bovidae,Սնամեջ եղջյուրավորներ
Bowling,Բոուլինգ
Boxing,Բոքս
Brassicales,
Bridges,Կամուրջներ
British Isles,Բրիտանական կղզիներ
British TV networks,Բրիտանական հեռուստաընկերություններ
Broadcast journalists and commentators,Լրագրողներ և հաղորդավարներ
Bryophytes,Մամռանմաններ
Buddhism,Բուդդայականություն
Building materials,Շինարարական նյութեր
Buildings and infrastructure,Շենքեր և ենթակառուցվածքներ
Bulgaria,Բուլղարիա
Bulgarian,Բուլղարերեն
Bullfighting,Ցլամարտ
Burkina Faso,Բուրկինա Ֆասո
Burma,Մյանմա
Burma and Myanmar (6 carticles),Մյանմա կամ Բուրմա 
Burmese,Մյանմերեն
Burundi,Բուրունդի
Bus operators,Ավտոբուսային օպերատորներ
Business,Բիզնես
Business and economics,Բիզնես և տնտեսություն
Businesspeople,Գործարար մարդիկ
C9,
Caliphates,Խալիֆայություն
Cambodia,Կամբոջա
Camels,Ուղտեր
Cameroon,Կամերուն
Canaanite mythology,Քանանյան դիցաբանություն
Canals,Ջրանցք
Cancer,Քաղցկեղ
Canines,Շնազգիներ
Capacitance,Ունակություն
Capital punishment,Մահապատիժ
Caprimulgiformes,Այծկիթներ
Carbohydrates,Ածխաջրեր
Carbon–halogen bond,Ածխածնահալոգենային կապ
Carbon–nitrogen bond,Ածխածնաազոտային կապ
Carbon–oxygen bond,Ածխածնաթթվածնային կապ
Card games,Խաղաքարտային խաղեր
Card games,Խաղաքարտային խաղեր
Carnatic classical,
Carnivora,Գիշատիչներ
Carrom 1/1,Կարոմ
"Cartoonists, comics artists, illustrators, manga artists and animators","Ծաղրանկարիչներ, կոմիքսների, մանգաների արտիստներ, անիմատորներ և իլյուստրատորներ"
Caryophyllales,Մեխածաղկավորներ
Case studies,Դեպքի ուսումնասիրություն
Caste,Կաստա
Catalytic activity,Կատալիտիկ գործունեություն
Catholic Church,Կաթոլիկ եկեղեցի
Cats,Կատուներ
Cattle,Խոշոր եղջերավոր անասուն
Caucuses,Կովկաս
Caves,Քարանձավներ
Cayman Islands,Կայմանյան կղզիներ
Celebrity cows,Հայտնի կովեր
Celestial mechanics,Երկնային մեխանիկա
Celestial sphere,Երկնոլորտ
Cell biology,Բջջային կենսաբանություն
Cell parts,Բջջի մասեր
Cell processes,Բջջային գործընթացներ
Cellists,Թավջութակահարներ
Cellular division,Բջջային բաժանում
Celtic languages,Կելտական լեզուներ
Celtic mythology,Կելտական դիցաբանություն
Central Africa,Կենտրոնական Աֆրիկա
Central America,Կենտրոնական Ամերիկա
Central America and Caribbean,Կենտրոնական Ամերիկա և Կարիբյան ավազան
Central and North America,Կենտրոնական և Հյուսիսային Ամերիկա
Central and Northern Asia,Կենտրոնական և Հյուսիսային Ասիա
Central and Western Asia,Կենտրոնական և Արևմտյան Ասիա
Central Asian mythology,Կենտրոնական Ասիայի դիցաբանություն
Cephalochordata,
Ceramic art,Կերամիկական արվետս
Ceremonial buildings,Հանդիսությունների շինություններ
Cetaceans,Կետանմաններ
Characiformes,
Charadriiformes,Քարադրանմաններ
Charge,Լիցք
Chechnya,Չեչնիա
Checkers 1/1,Շաշկի
"Chefs, bartenders and winemakers","Խոհարարներ, բարմեններ և գինեգործներ"
Chelicerata,
Chemical companies,Քիմիական ընկերություններ
Chemical compounds,Քիմիական միացություններ
Chemical element groups,Քիմիական տարրերի խմբեր
Chemical elements,Քիմիական տարրեր
Chemical methods,Քիմիական մեթոդներ
Chemical mixtures,Քիմիական խառնուրդներ
Chemical substances,Քիմիական նյութեր
Chemistry basics,Քիմիայի հիմունքներ
Chickens,Հավեր
Chimaeriformes,Քիմերանմաններ
Chinese,Չինական
Chinese Buddhism,Բուդդայականությունը Չինաստանում
Chinese mythology,Չինական առասպելաբանություն
Chinese opera,Չինական օպերա
Christian holidays,Չինական տոներ
Christmas carols,Սուրբծննդյան երգեր
Chromalveolata,Քրոմիստներ
Chūbu,Տյուբու
Chūgoku,Տյուգոկու
Ciconiiformes,Արագիլանմաններ
Cinema by country,Կինեմատոգրաֆիա ըստ երկրների
Circulatory system,Արյան շրջանառության համակարգ
Circus,Կրկես
Citrus fruits,Ցիտրուսային մրգեր
Civil law,Քաղաքացիական իրավունք
Civil procedure,Քաղաքացիական դատավարության մասին օրենսդրություն
"Cliffs, headlands, stacks and natural arches","Ժայռեր, հրվանդաններ, կրաքարե գոյացություններ և բնական կամարներ"
Climatology,Կլիմայագիտություն
Climbing and mountaineering,Լեռնամագլցում և լեռնագնացություն
Clothes,Հագուստ
Clothing and fashion,Հագուստ և նորաձևություն
Clouds,Ամպեր
Clupeiformes,Հարինգակերպեր
Cnidarians,Հիդրաներ
Coastal infrastructure,Առափնյա ենթակառուցվածքներ
Cognition(7 articles),Ճանաչողություն
Cold drinks,Սառը ըմպելիքներ
Colombia,Կոլումբիա
Colonial empires,Գաղութային տերություններ
Colonial history,Գաղութների պատմություն
Color terms,Գույների անուններ
Columbiformes,Աղավնազգիներ
Combat sport and martial arts,Մարտարվեստ
Combinatorics,Կոմբինատորիկա
Comedians,Կատակերգու
Comedy,Կատակերգություն
Comedy and satire,Կատակերգություն և երգիծանք
"Comedy, novelty, children's and outsider music","Կատակերգական, նոր, երեխաների և մարգինալացվածների երաժշտություն"
Comic books and graphic novels,Կատակերգական գրքեր և գրաֆիկական վեպ
Comic strips and editorial cartoons,Կոմիքս և խմբագրական ծաղրանկար
Comics writers,Կատակերգակ
Commelinales,Կոմելինազգիներ
Commercial buildings,Կոմերցիոն շենքեր
Common concepts,Ընդհանուր հասկացություններ
Common law,Ընդհանուր իրավունք
Common trades and professions,Տարածված արհեստներ և մասնագիտություններ
Communication,Հաղորդակցություն
Communists,Կոմունիստներ
Companies,Ընկերություններ
Competitive eating,Արագ ուտելու մրցույթ
Components,Բաղադրիչներ
Composers,Երգահաններ
Computer architecture concepts,Համակարգիչների ճարտարապետության հասկացություններ
Computer crimes,Կիբեռհանցագործություն
Computer hardware,Համակարգչային սարքախումբ
Computer scientists and programmers,Համակարգչային գիտնականներ և ծրագրավորողներ
Computer security,Համակարգչային անվտանգություն
Computer software,Համակարգչի ծրագրային ապահովում
Computing and information technology,Հաշվողական և տեղեկատվական տեխնոլոգիա
"Computing, electronics and software","Հաշվողական տեխնիկա, էլեկտրոնիկա և ծրագրային ապահով"
Concentration,Կենտրոնացում
Concepts,Հասկացություններ
Concepts,Հասկացություններ
Concepts and forms,Հասկացություններ և տեսակներ
Condensed matter physics,Խտացված նյութի ֆիզիկա
Conductors,Դիրիժորներ
Confucianism,Կոնֆուցիականություն
Constellations,Համաստեղություններ
Constitutional law,Սահմանադրական իրավունք
Constructed languages,Արհեստական լեզուներ
Containers,Անոթներ
Contemporary,Ժամանակակից
Contemporary art,Ժամանակակից արվետ
Continents,Մայրցամաքներ
Contract law,Պայմանագրային իրավունք
Cooking and eating,Խոհարարություն
Cooking oils,Խոհարարական յուղեր
"Cooking, food and drink","Խոհարարություն, ուտելիքներ և ըմպելիքներ"
Coraciiformes,Ալկիոնանմաններ
Cornales,Հոնածաղկավորներ
Corvoidea,Ագռավազգիներ
Cosmetics,Կոսմետիկա
Cosmetics and beauty,Կոսմետիկա և գեղեցկություն
Cosmetics people,Կոսմետիկայի հետ առնչվող մարդիկ
Costa Rica,Կոստա Ռիկա
Countries,Պետություններ
Craters,Խառնարան
Creole languages,Կրեոլյան լեզուներ
Crewed vehicles,Հատուկ անձնակազմ ունեցող փոխադրամիջոցներ
Cricket (60/60 quota),Կրիկետ
Crime,Հանցագործություն
Crime,Հանցագործություն
Crime classes,Հանցագործության կարգեր
Crime fiction,Գեղարվեստական գրականություն հանցագործությունների մասին
"Crime, detective and thriller fiction","Գեղարվեստական գրականություն հանցագործությունների մասին, դետեկտիվ և թրիլլեր"
Crimes against humanity,Մարդկության դեմ հանցագործություններ
Crimes against international law,Միջազգային իրավունքի դեմ ուղղված հանցագործություններ
Crimes against justice,Արդարադատության դեմ ուղղված հանցագործություններ
Crimes against property,Սեփականության դեմ ուղղված հանցագործություններ
Crimes against public order,Հասարակական կարգի դեմ ուղղված հանցագործություններ
Crimes against the person,Անձի դեմ ուղղված հանցագործություններ
Crimes against the state,Պետության դեմ ուղղված հանցագործություններ
Criminal law,Քրեական իրավունք
Criminal procedure,Քրեական դատավարության օրենք
Criminology,Քրեաբանություն
Critics,Քննադատներ
Croatia,Խորվաթիա
Croquet,Կրոկետ
Crustaceans,Խեցգետնանմաններ
Cryptids,Կրիպտիդներ
Crystallography,Բյուրեղագիտություն
Cuba,Կուբա
Cuculiformes,Կկուներ
Cucurbitales,Դդմածաղկավորներ
Cue sports,Բիլիարդ
Cuisine,Խոհանոց
Culinary fruits,Խոհարարության մեջ օգտագործվող մրգեր
Cultural venues,Մշակութային վայրեր
Culture by region,Մշակույթ ըստ շրջանների
Curling,Կյոռլինգ
Current,Հոսանք
Cycling,Հեծանվավազք
Cycling (20/20 quota),Հեծանվավազք
Cypriniformes,Ծածանակերպեր
Cyprinodontiformes,Ծածանատամնավորակերպեր
Cyprus,Կիպրոս
Cyprus and Northern Cyprus,Կիպրոս և Հյուսիսային Կիպրոս
Czech Republic,Չեխիայի Հանրապետություն
Czechoslovak,Չեխոսլովակիա
Dairy and analogues,Կաթնամթերք
Dalai Lamas,Դալայ Լամա
Dams,Ամբարտակներ
Dance,Պար
Dancers and choreographers,Պարողներ և խորեոգրաֆներ
Dances of the east,Արևելքի պարեր
Danish,Դանիական
Darts,Դարթս
Data storage and memory,Տվյալների պահպանում և հիշողություն
Daytime soaps,Հեռուստասերիալներ
Death,Մահ
Deer,Եղջերու
Deities,Աստվածություններ
Deity,Աստվածություններ
Democratic Republic of the Congo,Կոնգոյի Դեմոկրատական Հանրապետություն
Denmark,Դանիա
Denominations,Դավանանք
Deserts and dunes,Անապատներ և դյուներ
Design,Դիզայն
Designers,Դիզայներ
Development,Զարգացում
Devices,Սարքավորումներ
Diagnostic technologies,Ախտորոշիչ տեխնոլոգիաներ
Differential calculus,Դիֆերենցիալ հաշիվ
Differential equations,Դիֆերենցիալ հավասարումներ
Digital art,Թվային արվեստ
Dinosaurs,Դինոզավրեր
Dipsacales,Ակքանածաղկավորներ
"Directors, producers, showrunners and screenwriters","Ռեժիսորներ, պրոդյուսերներ, հաղորդավարներ և սցենարիստներ"
Disabilities,Հաշմանդամություն
Disciplines,Կանոնակարգեր
Discrimination,Խտրականություն
Disease,Հիվանդություն
Dispute resolution,Կոնֆլիկտների լուծում
Diving,Դայվինգ
Documentary,Վավերագրական ֆիլմեր
Documents,Փաստաթղթեր
Dominica,Դոմինիկա
Dominican Republic,Դոմինիկյան Հանրապետություն
Donkeys,Էշեր
Double bassists,Կոնտրաբասիստ
Drama,Դրամա
Drama film,Դրամա
Dravidian languages,Դրավիդյան լեզուներ
Drinks,Խմիչքներ
Drugs,Դեղեր
Drugs and medication,Դեղեր և դեղամիջոցներ
Dutch,Հոլանդերեն
Dynamical systems,Դինամիկ համակարգեր
Early digital computers,Վաղ շրջանի թվային համակարգիչներ
Early modern art,Վաղ ժամանակակից արվեստ
Early modern history,Վաղ ժամանակակից պատմություն
Early modern history,Վաղ ժամանակակից պատմություն
Early modern period [about 1400-1814],Վաղ ժամանակակից շրջան [մոտ 1400-1814]
Earth,Երկիր
Earth science basics,Երկրագիտության հիմունքներ
East Asia,Արևելյան Ասիա
East China,Արևելյան Չինաստան
East Germany,Արևելյան Գերմանիա
East Timor,Արևելյան Թիմոր
Eastern Africa,Արևելյան Աֆրիկա
Eastern and Central Europe,Կենտրոնական և Արևելյան Եվրոպա
Eastern and Southeastern Asia,Արևելյան և Հարավարևելյան Ասիա
Eastern Asia,Արևելյան Ասիա
Eastern Europe,Արևելյան Եվրոպա
Eastern Europe,Արևելյան Եվրոպա
Eastern Europe and Central,Կենտրոնական և Արևելյան Եվրոպա
Eastern India,Արևելյան Հնդկաստան
Eastern religions,Արևելյան կրոններ
Ecdysozoa,
Echinoderms,Փշամորթներ
Ecology,Էկոլոգիա
Economies,Տնտեսություններ
Edible fruits,Ուտելի մրգեր
Edible fungi,Ուտելի սնկեր
"Edible seeds, grains, nuts (pulses)","Ուտելի սերմեր, հացահատիկներ, ընկուզեղեն"
Educational institutions,Կրթական հաստատություններ
Educators,Մանկավարժներ
Egypt,Եգիպտոս
Egyptian mythology,Եգիպտական առասպելաբանություն
El Salvador,Էլ Սալվադոր
Electric potential,Էլեկտրական ներուժ
Electrical circuits,Էլեկտրական շղթա
Electrical conductance,Էլեկտրական դիմադրություն
Electricity generation,Էլեկտրաէներգիայի արտադրություն
"Electricity generation, transmission and distribution","Էլեկտրաէներգիայի արտադրություն, փոխանցում և բաշխում"
Electricity transmission and distribution,Էլեկտրաէներգիայի փոխանցում և բաշխում
Electrodynamics,Էլեկտրադինամիկա
Electromagnetic radiation,Էլեկտրամագնիսական ճառագայթում
Electromagnetism,Էլեկտրամագնիսականություն
Electronic,Էլեկտրոնիկա
Electronic instruments,Էլեկտրոնային սարքավորումներ
Electronic music,Էլեկտրոնային երաժշտություն
Electronics,Էլեկտրոնիկա
Electronics,Էլեկտրոնիկա
Electrostatics,Էլեկտրաստատիստիկա
Elementary algebra,Տարրական հանրահաշիվ
Emotions and traits,Զգացմունքներ և հատկություններ
Employment,Զբաղվածություն
Energy,Էներգիա
Energy and fuel,Էներգիա և վառելիք
Engineering,Ինժեներություն
England and Scotland,Անգլիա և Շոտլանդիա
Entertainers,Զվարճացնողներ
Entertainment,Ժամանց
Entertainment and leisure,Ժամանց
Epic and historical films,Էպիկական և պատմական ֆիլմեր
Epistemology,Համաճարակաբանություն
Equestrianism,Ձիասպորտ
Equidae,Ձիազգիներ
Equivalent dose,Համարժեք դոզա
Ericales,Հավամրգածաղկավորներ
Erinaceids,Ոզնիներ
Esociformes,Գայլաձկնակերպեր
Espionage,Լրտեսություն
eSports,Կիբեռսպորտ
Essays,Էսսեներ
Estonia,Էստոնիա
Eswatini,Էսվատինի
Ethics,Բարոյագիտություն
Ethiopia,Եթովպիա
Ethiopia and Eritrea,Եթովպիա և Էրիթրեա
Ethnology,Ազգաբանություն
Ethnology and Anthropology,Ազգաբանություն և մարդաբանություն
Ethology,Էթոլոգիա
Euclidean geometry,Էվկլիդյան երկրաչափություն
Eukaryotes,Էուկարիոտներ
Europe and Russia,Եվրոպա և Ռուսաստան
Even-toed ungulates,Երկսմբակավորներ
Events,Իրադարձություններ
Evolutionary biology,Էվոլուցիոն կենսաբանություն
Excavata,
Exhibition basketball,Ընկերական բասկետբոլ
Explorers,Հետազոտողներ
Explosive weapons,Պայթուցիկ զենքեր
Exposure,Ճառագայթման ազդեցություն
Fabales,Բակլածաղկավորներ
Fabrics and fibers,Գործվածքներ և մանրաթելեր
Fagales,Հաճարածաղկավորներ
Family and children's films,Ընտանեկան և մանկական ֆիլմեր
Family and kinship,Ընտանիք և ազգակիցներ
Family members,Ընտանիքի անդամներ
Family-in-law,Խնամիներ
"Fandom, conventions and festivals",Երկրպագուների  խմբի հավաքներ և փառատոններ
Far East,Հեռավոր Արևելք
Fashion,Նորաձևություն
Federal district,Դաշնային շրջան
Federated States of Micronesia,Միկրոնեզիայի Դաշնային Նահանգներ
Felines,Փոքր կատուներ
Fencing,Սուսերամարտ
Fermions,Ֆերմիոններ
"Festivals, holidays, and observances",Փառատոններ և տոներ
Fiction,Գեղարվեստական գրականություն
Fiction of early printed book era,Վաղ տպագրության դարաշրջանի գեղարվեստական գրականություն
Fiction of the medieval era,Միջնադարյան շրջանի գեղարվեստական գրականություն
Fictional characters,Գեղարվեստական գրականության կերպարներ
Field hockey,Դաշտային հոկեյ
Fields of medicine,Բժշկության ոլորտներ
Figure skating (30/30 quota),Գեղասահք
Figures fabrics,Պատկերներով գործվածքներ
Fiji,Ֆիջի
Film,Ֆիլմեր
Film festival and awards,Կինոփառատոն և մրցանակաբաշխություն
Film genres,Ֆիլմի ժանրեր
Film noir,Նուար ֆիլմ
"Film, television and video game music","Ֆիլմեր, հեռուստատեսություն և վիդեոխաղերի երաժշտություն"
"Film, television, animation, comics, and video games","Ֆիլմեր, հեռուստատեսություն, անիմացիաներ, կոմիքսներ և վիսեոխաղեր"
Filmmaking,Ֆիլմարտադրություն
Finland,Ֆինլանդիա
Finnish,Ֆինլանդերեն
Firearms,Հրազեն
First-degree relatives,Հարազատներ
Fish by habitat,Ձկներ ըստ բնակության վայրի
Fishes,Ձկներ
Fishing,Ձկնորսություն
Flamenco,Ֆլամենկո
Flautists,Ֆլեյտահարներ
Flies (Diptera),Ճանճեր
Floorball,Ֆլորբոլ
Fluid mechanics,Հիդրոմեխանիկա
Fluvial landforms,Գետային հողեր
Folk,Ազգային երգեր
Folk and Country,Ազգային և քանթրի երաժշտություն
Folk and country,Ազգային և քանթրի երաժշտություն
Food preparation and serving,Սննդի պատրաստում և սպասարկում
Food service,Սննդի ծառայություն
Food types,Սննդի տեսակներ
Foodborne illness,Սննդից առաջացած հիվանդություններ
Footwear,Կոշկեղեն
Force,Ուժ
Forensic sciences,Դատաբժշկական գիտություններ
Forests,Անտառներ
Forms,Տեսակներ
Forms of government,Կառավարության տեսակներ
Forms of literature,Գրականության տեսակներ
Fortification,Ամրությունների կառուցում
Four-dimensional space,Քառաչափ տարածություն
France,Ֆրանսիա
France,Ֆրանսիա
French,Ֆրանսերեն
Frisbee sports,Ֆրիսբի 
Frogs and toads,Գորտեր և դոդոշներ
Functions,Ֆունկցիաներ
"Functions: General","Ֆունկցիաներ, ընդհանուր"
"Geometry: General","Երկրաչափություն, ընդհանուր"
Non-Euclidean geometry,Ոչէվկլիդյան երկրաչափություն
Fungal morphology and anatomy,Սնկերի մորֆոլոգիա և անատոմիա
Fungi,Սնկեր
Furniture and interior design,Կահույք և ինտերիերի դիզայն
Furniture designers,Կահույքի դիզայներներ
Futsal,Ֆուտզալ
"Algebra: General","Հանրահաշիվ, ընդհանուր"
Set theory,Բազմությունների տեսություն
Axiomatic systems,Աքսիոմատիկ համակարգեր
Computability theory,Հաշվարկելիության տեսություն
Category theory,Կատեգորիաների տեսություն
Order theory,Կարգերի տեսություն
Prime numbers,Պարզ թվեր
Sums and products,Գումարներ և արտադրյալներ
Sequences,Հաջորդականություններ
Diophantine equations,Դիոֆանտյան հավասարումներ
Subdisciplines,Ենթաբաժիններ
Applied mathematics,Կիրառական մաթեմատիկա
Game theory,Խաղերի տեսություն
Information theory,Ինֆորմատիկայի տեսություն
Optimization,Օպտիմիզացիա
Algorithms,Ալգորիթմներ
Complexity theory,Բարդության տեսություն
Data structures and types,Տվյալների կառուցվածքներ և տեսակներ
Gadiformes,Ձողաձկներ
Gaelic sports,Գալական սպորտաձևեր
Galactic and extragalactic astronomy,Գալակտիկական և արտագալակտիկական աստղագիտություն
Galaxy classification,Գալակտիկայի դասակարգում
Galliformes,Հավազգիներ
Gambling,Մոլախաղ
Games,Խաղեր
Gasterosteiformes,Փշաձկներ
Gastrointestinal tract,Աղեստամոքսային տրակտ
General,Ընդհանուր
General classifications,Ընդհանուր դասակարգում
General concepts,Ընդհանուր հասկացություններ
General video game topics,Ընդհանուր վիդեոխաղերի թեմաներ
Genetics,Գենետիկա
Genres,Ժանրեր
Genres,Ժանրեր
Gentianales,Բոգածաղկավորներ
Geochemistry,Երկրաքիմիա
Geochronology,Երկրաբանական ժամանակագրություն
Geographers and cartographers,Աշխարհագրագետներ և քարտեզագետներ
Geography by continent,Աշխարհագրություն ըստ աշխարհամասի
Geography by country,Աշխարհագրություն ըստ երկրի
Geologic features,Երկրաբանական առանձնահատկություններ
Geological timescale,Երկրաբանական ժամանակաշրջան
Geometry,Երկրաչափություն
Geomorphology,Գեոմորֆոլոգիա
Geophysics,Երկրաֆիզիկա
Georgia,Վրաստան
German,Գերմաներեն
Germanic languages,Գերմանական լեզուներ
Germany,Գերմանիա
Germany,Գերմանիա
"Germany, Prussia","Գերմանիա, Պրուսիա"
Geysers and hot springs,Գեյզերներ և տաք ջրեր
Ghana,Գանա
Glacial landforms,Սառցադաշտային հողեր
Glaciers and sea ice,Սառցադաշտեր
Glaciology,Սառցադաշտագիտություն
Go 6/6,Գո
Goats,Այծեր
Golf,Գոլֆ
Golf (35/35 quota),Գոլֆ
Gonorynchiformes (2 articles,
Governing authorities,Կառավարման մարմիններ
Grains,Հացահատիկներ
Grains-based products,Հացահատիկային արտադրանքներ
Gram-negative bacteria,Գրամբացասական բակտերիա
Gram-positive bacteria,Գրամդրական բակտերիա
Grammar,Քերականություն
Graph theory,Գրաֆիկ տեսություն
Graphic designers,Գրաֆիկական դիզայներներ
Grasslands,Խոտհարքներ
Great Britain,Մեծ Բրիտանիա
Greece,Հունաստան
Greek and Roman mythology,Հունահան և հռոմեական առասպելաբանություն/դիցաբանություն
Greek deities,Հունական աստվածություններ
Green algae,Կանաչ ջրիմուռներ
Grenada,Գրենադա
Grime/British hip-hop,Բրիտանական հիփ-հոփ
Ground transport,Ցամաքային տրանսպորտ
Ground-based observatories,Ցամաքային աստղադիտարաններ
Groups,Խմբեր
Gruiformes,Կռունկանմաններ
Guadeloupe,Գվադելուպա
Guatemala,Գվատեմալա
Guitarists,Կիթառահարներ
Guyana,Գայանա
Gymnosperms,Մարմնամարզություն
Gymnotiformes,
Hairstyle,Սանրվածք
Haiti,Հայիթի
Hand tools,Շինարարական գործիքներ
Handball,Հանդբոլ
Harmonic analysis,Հարմոնիկ անալիզ
Harpists,Տավիղահարներ
Harpsichordists,Կլավեսինահարներ
Hawaii,Հավայի
Health and fitness,Առողջություն և լավ մարզավիճակ
Heavy Metal,Ծանր մետաղներ
Hebrew,Եբրայերեն
Hellenistic Kingdoms,Հելլենական թագավորություններ
Hemiptera (true bugs),Կիսակարծրաթևավորներ
Heraldry and vexillology,Գերբագիտություն և վեքսիլոլոգիա
Herbs and condiments,Խոստաբույսեր և համեմունքներ
Herbs and spices,Խոտաբույսեր և համեմունքներ
Hexapoda,Վեցոտնանիներ
High-energy astronomy,Բարձր էներգետիկ աստղագիտություն
High-speed rail,Արագընթաց երկաթուղի
Hinduism,Հինդուիզմ
Hindustani classical,Հինդուստանի դասական երաժշտություն
Hip-hop,Հիփ-հոփ
Hip-hop and rap,Հիփ-հոփ և ռեփ
Historians,Պատմաբաններ
Historical cities and archaeological sites,Պատմական քաղաքներ և հնագիտական վայրեր
Historical fiction,Պատմական գրականություն
Historical geology,Պատմական երկրաբանություն
History,Պատմություն
History by city,Պատմությունն ըստ քաղաքի
History by continent and region,Պատմություն ըստ մայրցամաքի և տարածաշրջանի
History by country and subdivision,Պատմություն ըստ երկրի և ստորաբաժանման
History by demographic group,Պատմություն ըստ ժողովրդագրական խմբի
History by ethnicity,Պատմություն ըստ ազգության
History by provinces and territories,Պատմություն ըստ մարզերի և տարածքների
History by states and territories,Պատմություն ըստ նահանգի և տարածքների
History by time period,Պատմություն ըստ ժամանակաշրջանի
History by topic,Պատմություն ըստ թեմայի
History of art,Արվեստի պատմություն
History of art,Արվեստի պատմություն
History of earth science,Երկրագիտության պատմություն
History of everyday life,Առօրյա կյանքի պատմություն
History of games and sport,Խաղերի և սպորտաձևերի պատմություն
History of mathematics,Մաթեմատիկայի պատմություն
History of philosophy,Փիլիսոփայության պատմություն
History of philosophy and religion,Փիլիսոփայության և կրոնի պատմություն
History of science,Գիտության պատմություն
History of science and technology,Գիտության և տեխնիկայի պատմություն
History of society and the social sciences,Հասարակության և սոցիալական գիտությունների պատմություն
History of technology,Տեխնոլոգիայի պատմություն
History of world literature,Համաշխարհային գրականության պատմություն
Hittites,Խեթեր
Hobbyists,Հոբբիով զբաղվողներ
Hokkaido,Հոկկայդո
Holosteans,
Holy Roman Empire,Սրբազան Հռոմեական կայսրություն
"Holy Roman Empire, Austria","Սրբազան Հռոմեական կայսրություն, Ավստրիա"
Home living,Տուն
Homeopathy,Հոմեոպաթիա
Homo,Մարդկություն
Honduras,Հոնդուրաս
Hong Kong,Հոնկոնգ
Hong Kong,Հոնկոնգ
Hormones,Հորմոններ
Horn players,Երաժիշտներ
Horror and gothic novels,Սարսափ և գոթական վեպեր
Horror and thriller,Սարսափ և թրիլլեր
Horses,Ձիեր
Horticulture,Այգեգործություն
Hosiery,Գուլպեղեն
Hot drinks,Տաք խմիչքներ
Household appliances,Կենցաղային տեխնիկա
Household items,Կենցաղային իրեր
Housing,Բնակարանային ապահովում
Human anatomy,Մարդու անատոմիա
Human evolution,Մարդկային էվոլուցիա
Human reproduction,Մարդկային վերարտադրություն
Human rights instruments,Մարդկու իրավունքների գործիքներ
Humanitarian organizations,Մարդասիրական կազմակերպություններ
Humanities,Հումանիտար գիտություններ
Hungarian,Հունգարական
Hunting,Որսորդություն
Hybrids,Հիբրիդներ
Hydraulic infrastructure,Ջրաբաշխական ենթակառուցվածք
Hydrocarbons,Ածխաջրածիններ
Hydrology,Ջրաբանություն
Hygiene and grooming,Հիգիենա և խնամք
Hygiene products,Հիգիենայի պարագաներ
Hymenoptera,Թաղանթաթևավորներ
Iberia,Իբերիա
Ice hockey,Հոկեյ
Ice hockey (45/45 quota),Հոկեյ (45/45 մաս)
Iceland,Իսլանդիա
Icelandic,Իսլանդական
Ideology and political theory,Գաղափարախոսություն և քաղաքական տեսություն
Illuminance,Լուսավորվածություն
Imaging,Պատկերում
Immune system,Իմունային համակարգ
Incendiary weapons,Հրկիզիչ զենքեր
Inchoate offenses,Հանցագործության  
India,Հնդկաստան
India,Հնդկաստան
Indian,Հնդիկներ
Indian Buddhism,Բուդդիզմը Հնդկաստանում / Հնդկական բուդդայականություն
"Indian, Pakistani, Bangladeshi and Nepali languages","Հնդկաստանի, Նեպալի, Պակիստանի և Բանգլադեշի (Բենգալի) լեզուներ"
Indigenous Australian,Ավստրալիայի աբորիգեններ
Indigenous Australian music,Ավստրալիական տեղական երաժշտություն
Indigenous people,Տեղաբնիկ ժողովուրդներ
Individual animals,Հայտնի կենդանիներ 
Individual fashion designs,Անհատական նորաձևության դիզայներներ
Individual trade unions,Հայտնի արհեստակցական միություններ
Individual transportation systems,Անհատական տրանսպորտային համակարգ
Indo-Aryan languages,Հնդարիական լեզուներ
Indo-European languages,Հնդեվրոպական լեզուներ
Indo-Iranian mythology,Հնդիրանական լեզուներ
Indonesia,Ինդոնեզիա
Indonesian,Ինդոնեզերեն
Inductance,Ինդուկտիվություն
Industrial machinery,Արդյունաբերական մեքենաներ / մեխանիկա
Industry,Արդյունաբերություն
Industry,Արդյունաբերություն
Information,Ինֆորմացիա / տեղեկատվություն
Infrastructure,Ինֆրակառուցվածք
Infrastructure by type,Ենթակառուցվածքը / ինֆրակառուցվածքը ըստ տեսակի
Injury,Վնասվածք / Տրավմա
Inorganic compounds,Անօրգանական միացություններ
Insects,Միջատներ
Institutions,Հաստատություններ
Institutions and professions,Հաստատություններ և մասնագիտություններ
Instrument makers,Երաժշտական գործիքներ պատրաստողներ
Instrumental methods,Գործիքային / գործիական մեթոդներ
Integral calculus,Ինտեգրալ հաշվարկ
Integumentary system,Մաշկի պաշտպանիչ համակարգ
Intellectual property law,Մտավոր սեփականության իրավունք
International competitions,Միջազգային մրցումներ
International law,Միջազգային իրավունք
International organizations,Միջազգային կազմակերպություններ
International Ski Federation sports,Դահուկի միջազգային ֆեդերացիայի մարզաձևեր
Internet,Համացանց
Interpersonal relations,Միջանձնային կապեր
Interpersonal relationships,Միջանձնային հարաբերություններ
Inventors and engineers,Գյուտարարներ և ճարտարագետներ
"Invertebrata, others",Անողնաշարավորներ
Iran,Իրան
Iranian languages,Իրանական լեզուներ
Iraq,Իրաք
Ireland,Իռլանդիա
Islam,Իսլամ
Islamic holidays,Իսլամական տոներ
Islands,Կղզիներ
Issues,Թողարկումներ
Italian,Իտալերեն
Italy,Իտալիա
Italy,Իտալիա
Ivory Coast,Կոտ դ'Իվուար
Ivy League,Բաղեղի լիգա
Jainism,Ջայնիզմ
Jamaica,Ջամայկա /  Ճամայկա
Japan,Ճապոնիա
Japanese,Ճապոներեն
Japanese Buddhism,Բուդդիզմը Ճապոնիայում
Japonic languages,Ճապոնական լեզուներ
Java,Ջավա
Jazz,Ջազ
Jazz and related genres,Ջազ և հարակից ժանրեր
Jewellery designers,Զարդերի դիզայներներ
Jewelry,Ակնագործություն
Jewish holidays,Հրեական տոներ
Journalism,Լրագրություն / Ժուռնալիստիկա
Journalism and Mass Media,Լրագրություն և զանգվածային լրատվամիջոցներ
Journalists,Լրագրողներ
Jurists,Իրավաբաններ
Kabaddi,Կաբբադի
Kalimantan,Կալիմանտան
Kansai,Կինկի
Kantō,Կանտո
Kazakh,Ղազախերեն
Kazakhstan,Ղազախստան
Kenya,Քենիա
Kiribati,Կիրիբատի
Klezmer,
Knives,Դանակներ
Korea,Կորեա
Korea,Կորեա
Korean,Կորերեն
Korean Buddhism,Բուդդիզմը Կորեայում
Koreanic languages,Կորեական լեզուներ
Kra–Dai languages,Թայ-քադայան լեզուներ
Kuwait,Քուվեյթ
Kyrgyzstan,Ղրղզստան
Kyushu,Կյուսյու
Lacrosse,Լաքրոս
Lagomorphs,Նապաստականմաններ
Lakes,Լճեր
Lalon,Լալոն
Lamiales,
Lampriformes (4 articles,
Land relief,Ռելիեֆ
Landforms,Ռելիեֆի ձևեր
Language,Լեզու
Language acquisition,Լեզվի յուրացում
Language families,Լեզվաընտանիքներ
Language isolates,Մեկուսացված լեզուներ
Language mechanics,Լեզվական ճյուղեր / մակարդակներ
Laos,Լաոս
Latin,Լատիներեն
Latin America,Լատինական Ամերիկա
Latin dance,Լատինամերիկյան պարեր 
Latvia,Լատվիա
Latvian,Լատիշերեն
Law by country,Իրավունք ըստ երկրի
Law enforcement and fire service,Իրավապահ և հրշեջ ծառայություն
Laws of specific people groups,Մարդկանց հատուկ խմբերի իրավունքներ
Leafy vegetables,Տերևավոր բանջարեղեն
Lebanese,Լիբանանցի
Lebanon,Լիբանան
Legal codes,Օրենսգրքեր
Legal procedure,Իրավաբանական ընթացակարգ
Lepidoptera,Թեփուկաթևավորներ / Թիթեռներ
Lesotho,Լեսոթո
Liberal arts colleges,Ազատ արվեստի քոլեջներ
Library science and curators,Գրադարանագիտություն և գրադարանավարներ / վարիչներ
Librettists,Լիբերտիստներ
Libya,Լիբիա
Life sciences,Գիտություններ
Light music,Թեթև երաժշտություն
Liliales,
Linguistics,Լեզվաբանություն
Linguists,Լեզվաբաններ
Lipids,Լիպիդներ
Literary genres,Գրական ժանրեր
Literary novels and short stories,Գրական վեպեր և կարճ պատմություններ
Literature,Գրականություն
Literature and drama,Գրականություն և դրամա
"Literatures by religion, language and area","Գրականություն ըստ կրոնի, լեզվի և տարածքի"
Lithuania,Լիտվա
Lithuanian,Լիտվերեն
Lizards,Մողեսներ
Logic,Լոգիկա
Lophiiformes,
Lophotrochozoa,Լոֆոտրոխոզոա
Luge,Սահնակային սպորտ
Luminous flux,Լուսային հոսք
Luminous intensity,Լույսի ուժ
Lutenists,Լյուտնյա նվագողներ
Luxembourg,Լյուքսեմբուրգ
Macau,Մակաո
Macedonia,Մակեդոնիա
Macedonian,Մակեդոներեն
Machinery,Մեխանիզմ
Machinery and tools,Սարքավորումներ և գործիքներ
Madagascar,Մադագասկար
Magazines,Ամսագրեր
Magic,Մոգություն
Magicians,Կախարդներ / մոգեր
Magnetic field,Մագնիսական դաշտ
Magnetic flux,Մագնիսական հոսք
Magnetostatics,Մագնիսաստատիկա
Main branches,Հիմնական մասնաճյուղեր
Major religions,Հիմնական կրոններ
Malawi,Մալավի
Malaysia,Մալայզիա
Malaysia,Մալայզիա
Maldives,Մալդիվներ
Mali,Մալի
Malpighiales,
Malvales,Փիփերթածաղկավորներ
Mammals,Կաթնասուններ
Mandolinists,Մանդոլինահարներ
Manga,Մանգա
Maori art,Մաորի արվեստ/Նորզելանդական արվեստ
Marriage and parenting,Ամուսնություն և դաստիարակություն
Marshall Islands,Մարշալյան կղզիներ
Marsupials,Պարկավորներ
Martial arts,Մարտական արվեստներ
Martial arts (85/85 quota),Մարտական արվեստներ (85/85 մաս)
Martinique,Մարտինիկա
Mass and weight,Զանգված և կշիռ
Mass Media,Զանգվածային լրատվության միջոցներ
Mass media companies,Զանգվածային լրատվական ընկերություններ
Material and chemical,Նյութ և քիմիա 
Mathematical analysis,Մաթեմատիկական անալիզ/վերլուծություն 
Mathematical logic,Մաթեմատիկական տրամաբանություն
Mathematicians,Մաթեմատիկոսներ
Measurement,Չափումներ
Measurement,Չափումներ
Measurement systems,Չափման համակարգեր
Measuring instruments,Չափման գործիքներ
Meat and other animal products,Միս և այլ կենդանական մթերքներ
Media and communication,Մեդիա և հաղորդակցություն
Media and communication,Մեդիա և հաղորդակցություն
Media companies,Մեդիաընկերություններ
Medical procedures,Բժշկական ընթացակարգ
Medical technology,Բժշկական տեխնոլոգիա
Medicine,Բժշկություն/բժշկագիտություն
Medieval,Միջնադար
Medieval art,Միջնադարի արվեստ
Medieval era,Միջնադարյան դարաշրջան
Melanesia,Մելանեզիա
Melee weapons,
Melons,Սեխ
Memory sports,Հիշողության սպորտ
Mental disorders,Հոգեկան հիվանդություններ
Mesopotamian mythology,Միջագետքի դիցաբանություն
Metallurgy,Մետալուրգիա
Metaphysics,Մետաֆիզիկա
Meteorology,Օդերևութաբանություն
Mexican,Մեքսիկացի
Mexico,Մեքսիկա
Micronations,Միկրոազգեր
Micronesia,Միկրոնեզիա
Middle East,Միջին Արևելք
Midwest,Միջին Արևմուտք
Military,Բանակ
Military aviation,Ռազմական ավիացիա
Military forces,Զինված ուժեր
"Military leaders, personnel, and theorists","Զինվորական ղեկավարներ, անձնակազմ և վերլուծաբաններ"
Military operations,Ռազմական գործողություններ
Military organization,Ռազմական կազմակերպություններ
Military ranks,Զինվորական կոչումներ
Military technology,Ռազմական տեխնոլոգիաներ
Milky Way,Ծիր կաթին
Mime artists,Միմոս
Mindanao,Մինդանաո
Miniature Cattle,Մանր եղջերավոր կենդանի
Mining and metallurgy,Հանքարդյունաբերություն և մետալուրգիա
Mining companies,Հանքարդյունաբերական ընկերություններ
Miscellaneous,Տարբեր
Mixed martial arts,Ընդհանուր մենամարտեր
Mixed-use buildings,Խառը օգտագործման շինություններ
Models,Մոդելներ
Modern art,Ժամանակակից արվեստ
Modern dance,Ժամանակակից պարեր
Modern era,Ժամանակակից դարաշրջան
Modern history,Ժամանակակից պատմություն
Modern music,Ժամանակակից երաժշտություն
Modern pentathlon,Ժամանակակից հնգամարտ
Modern visual arts,Ժամանակակից կերպարվեստ
Moldova,Մոլդովա
Molecular physics,Մոլեկուլային ֆիզիկա
Mollusks,Փափկամարմիններ
Momentum/impulse,Իմպուլս
Monaco,Մոնակո
Monarchs,Միապետեր
Mongolia,Մոնղոլիա
Monocots,Միաշաքիլավորներ
Monotremes,Միանցքանիներ
Monster truck,Մոնստր Տրակ
Morbidity,Հիվանդություն
Mormonism,Մորմոնիզմ
Motocross,Մոտոկրոս
Motor racing,Մոտոարշավ
Mountain peaks,Լեռնագագաթներ
Mozambique,Մոզամբիկ
Mugiliformes,Կեֆալանմաններ
Multi-modal crossings,Բազմամոդել անցումներ
Multiple industries,Բազմաթիվ արդյունաբերություններ
Multiple sports,Բազմաթիվ սպորտձևեր
Multivariable and vector calculus,Բազմաբևեռ և վեկտորի հաշվարկ
"Murder, serial killing, mass murder","Սպանություն, սերիական մարդասպան, զանգվածային սպանություն"
Muscular system,Մկանային համակարգ
Museums,Թանգարաններ
Music,Երաժշտություն
Music awards,Երաժշտական մրցանակաբաշխություններ
Music genres and forms,Երաժշտական ժանրեր և ոճեր
Music of Africa,Աֆրիկյան երաժշտություն
Music of Asia,Ասիական երաժշտություն
Music of Europe,Եվրոպական երաժշտություն
Music of the Americas,Ամերիկյան երաժշտություն
"Music producers, songwriters and businesspeople","Երաժտական պրոդյուսերներ, երգահաններ և գործարարներ"
Music theory,Երաժշտության տեսություն
Musical,Մյուզիքլ
Musical comedy and lyricists,Երաժշտական կոմեդիա և քնարերգուներ
Musical instruments,Երաժշտական գործիքներ
Musical notation,Երաժշտական նոտացիա
Musical theatre,Մյուզիքլ
Musicals,Մյուզիքլներ
"Musicians and composers (1,500/1,500 article quota)",Երաժիշտներ և կոմպոզիտորներ
Mustelidae,Կզաքիսներ
Myanmar,Մյանմա
Myctophiformes (2 articles,
Myriapoda,Բազմոտանիներ
Myrtales,Մրտենածաղկավորներ
Mythological creatures,Դիցաբանական արարածներ
Mythological items,Դիցաբանական իրեր
Mythological places,Դիցաբանական վայրեր
Mythology,Դիցաբանություն
N. Korea,Հյուսիսային Կորեա
Namibia,Նամիբիա
Narrative,Պատմություն
National coat of arms,Ազգային զինանշան
National flags,Ազգային դրոշ
National organizations,Ազգային կազմակերպություններ
Nationalist China,Ազգայնական Չինաստան
Native American,Բնիկ ամերիկյան
Native American mythology,Բնիկ ամերիկյան դիցաբանություն
Nauru,Նաուրու 
Naval transport,Ծովային տրանսպորտ 
Naval warfare,Ծովային պատերազմ 
Navigation and timekeeping,Նավարկություն և ժամանակի չափում 
Nepal,Նեպալ
Nervous system,Նյարդային համակարգ 
Netball,Նեթբոլ 
Netherlands,Նիդերլանդներ
Netherlands,Նիդերլանդներ
Netherlands Antilles,Նիդերլանդական  Անթիլներ 
Networks,Ցանցեր
Neurotransmitters,Նյարդափոխադրողներ
New Age,Նոր դար
New religious movements,Նոր կրոնական շարժումներ
New Testament figures,Նոր Կտակարանի գործիչներ
New World monkeys,Նոր աշխարհի կապիկներ
New Zealand,Նոր Զելանդիա
News agencies,Լրատվական գործակալություններ 
Newspapers,Թերթեր
Nicaragua,Նիկարագուա 
Niche sports (30/30 quota),
Niger,Նիգեր
Niger–Congo languages,Նիգերոկոնգոլեզյան լեզուներ 
Nigeria,Նիգերիա
Non-English language popular music,Ոչ անգլերեն լեզվով փոփ երաժշտություն
Non-fiction,Վավերագրական 
Non-governmental organizations,Հասարակական կազմակերպություններ 
Non-monocots,Ոչ միաշաքիլավորներ
Non-theistic philosophies,Ոչ թեիստական փիլիսոփայություններ 
Non-Western art,Ոչ արևմտյան արվեստ
Non-Western art music,Ոչ արևմտյան արվեստի երաժշտություն 
Non-Western art traditions,Ոչ արևմտյան արվեստի ավանդույթներ 
Nonfiction,Ոչ գեղարվեստական 
Nonfiction of antiquity,Հին ժամանակների գիտական փաստեր 
Nonfiction of early printed book era,Ոչ գեղարվեստական գրականությունը վաղ տպագիր գրքերի դարաշրջանում 
Nonfiction of modern era,Ժամանակակից դարաշրջանի ոչ գեղարվեստական գրականություն
Nonfiction of the medieval era,Միջնադարի ոչ գեղարվեստական գրականություն
Nordic countries,Հյուսիսային երկրներ
Norse mythology,Սկանդինավյան դիցաբանություն
North Africa,Հյուսիսային Աֆրիկա 
North America,Հյուսիսային Ամերիկա 
North America and Central America,Հյուսիսային Ամերիկա և Կենտրոնական Ամերիկա
North and Central America,Հյուսիսային և Կենտրոնական Ամերիկա
North Caucasus,Հյուսիսային Կովկաս
North China,Հյուսիսային Չինաստան
Northeast,Հյուսիս֊արևելք
Northern India,Հյուսիսային Հնդկաստան
Northern Ireland,Հյուսիսային Իռլանդիա
Northwest,Հյուսիս֊արևմուտք
Northwest China,Հյուսիսարևմտյան Չինաստան
Norwegian,Նորվեգերեն 
Notable extrasolar planets,Ուշագրավ արտաարեգակնային մոլորակներ 
Notable galaxies,Ուշագրավ գալակտիկաներ 
Notable galaxy clusters,Ուշագրավ գալակտիկական խմբեր 
Notable legal decisions,Ուշագրավ իրավական որոշումներ
Notable nebulae,Ուշագրավ միգամածություններ
Notable star clusters,Հայտնի աստղային խմբեր
Notable stars,Հայտնի աստղեր
Notable transient events,Ուշագրավ անցողիկ իրադարձություններ
Nuclear physics,Միջուկային ֆիզիկա
Nucleic acids,Նուկլեինաթթուներ
Nuts,Ընկույզ 
Oases and springs,Օազիսներ և ջրհորներ
Oboists,Հոբոյ նվագողներ
Observational astronomy,Դիտորդական աստղագիտություն 
Oceanic and coastal landforms,Օվկիանոսի և ափամերձ հողեր
Oceanography,Օվկիանոսագիտություն
Oceans and seas,Օվկիանոսներ և ծովեր
Odd-toed ungulates,Միասմբակավորներ
Odonata,Ճպուռներ
Oil companies,Նավթային ընկերություններ
Old World monkeys,Հին աշխարհի կապիկներ
Operating systems,Օպերացիոն համակարգեր
Ophidiiformes,Օֆիդիֆորմես 
Optical instruments,Օպտիկական գործիքներ 
Optical technology,Օպտիկական տեխնոլոգիա
Optics,Օպտիկա
Orbital mechanics,Ուղեծրային մեխանիկա
Organelles,Օրգանոիդ 
Organic compounds,Օրգանական միացություններ 
Organists,Երգեհոնահար 
Organizations,Կազմակերպություններ 
Organizations,Կազմակերպություններ 
Organized crime groups,Կազմակերպված հանցավոր խմբեր 
Organometallics,
Orthodox Church,Ուղղափառ եկեղեցի 
Orthoptera,Օրթոպեդիա 
Osmeriformes,
Osteoglossiformes,
Other,Այլ
Other,Այլ
Other,Այլ
Other algebra topics,Հանրահաշվի այլ թեմաներ 
Other arts,Այլ արվեստ 
Other carnivora,Այլ գիշատիչներ 
Other components,Այլ բաղադրիչներ 
Other countries,Այլ երկրներ
Other culinary fruits,Այլ խոհարարական մրգեր
Other dance,Այլ պարեր
Other entertainment and fields,Այլ զվարճանքներ և ոլորտներ
Other even-toed ungulates,Այլ երկսմբակավորներ
Other games and plays,Այլ խաղեր
Other hydrological features,Ջրաբանական այլ երևույթներ
Other individual sports,Անհատական այլ սպորտաձևեր
Other individual sports (150/150 quota),Անհատական այլ սպորտաձևեր
Other leaders,Այլ ղեկավարներ
Other media,Այլ մեդիա
Other ministers,Այլ նախարարներ 
Other notable objects,Այլ նշանակալի առարկաներ
Other organisms,Այլ օրգանիզմներ
Other prehistoric reptiles,Նախապատմական այլ սողուններ
Other primates,Այլ պրիմատներ
Other racing types,Մրցարշավի այլ տեսակներ
Other religions,Այլ կրոններ
Other social sciences,Այլ հասարակական գիտություններ
Other team sports (55/55 quota),Թիմային այլ սպորտաձևեր
Other terrestrial features,Երկրային այլ երևույթներ
Other vegetables,Այլ բանջարեղեն
Others,Այլ
Ottoman classical,Օսմանյան դասական
Ottoman/Turkish,Օսմանյան/թուրքական
Outerwear,Արտահագուստ
Outsider art,Մարգինալացված արվեստ
Pac-12,Pac-12 
Pacific Islands,Խաղաղօվկիանոսյան կղզիներ
Pain treatments,Ցավի բուժում
Paintball,Փեյնթբոլ
Painting,Նկարչություն
Pakistan,Պակիստան
Paleoclimate,Պալեոկլիմա
Paleogeography,Պալեոաշխարհագրություն
Palestine,Պաղեստին
Panama,Պանամա
Pandanales,
Pantheism and nontheistic religions,Պանթեիզմ և ոչ թեիստական կրոններ
Panthera,Հովազ
Papal States,Պապական մարզեր
Paper art,Թղթարվեստ
Papua New Guinea,Պապուա Նոր Գվինեա
Paraguay,Պարագվայ
Paranormal,Պարանորմալ
Parkour,Պարկուր
"Parks, preserves, and World Heritage Sites","Պարկեր, արգելոցներ և Համաշխարհային ժառանգության վայրեր"
Particle physics,Տարրական մասնիկների ֆիզիկա
Passerida,Ճնճղուկներ
Passerines,Ճնճղուկանմաններ
Patrons and philanthropists,Հովանավորներ և բարերարներ
Pedagogues,Մանկավարժներ
Pedology,Մանկավարժություն
Pelecaniformes,Հավալուսնանմաններ
Peninsulas and capes,Թերակղզիներ և հրվանդաններ
Perciformes,Պերկեսազգիներ
Percussion instruments,Հարվածային գործիքներ
Percussionists,Հարվածային գործիքներ նվագող անձինք
Performance art,Փերֆորմանս
Performers,Կատարողներ
Performing arts,Կատարողական արվեստներ
"Persia, Parthia and Sogdia","Պարսկաստան, Պարթևստան և Սողդիանա"
Persian,Պարսկական
Persian languages,Պարսկական լեզուներ
Persian traditional,Պարսկական ավանդական
Peru,Պերու
Pest and disease control,Վնասատուների և հիվանդությունների վերահսկում
Pétanque,Պետանք
Petrology,Պետրոլոգիա
Pharmaceutical and medical companies,Դեղագործական և բժշկական ընկերություններ
Phase transitions,Փուլային անցումներ
Pheasants,Փասիաններ
Philippines,Ֆիլիպիններ
Philippines,Ֆիլիպիններ
Philosophers,Փիլիսոփաներ
"Philosophical branches, approaches and concepts","Փիլիսոփայական ուղղություններ, մոտեցումներ և հայեցակարգեր"
Philosophical schools and traditions,Փիլիսոփայական դպրոցներ և ավանդույթներ
Philosophy,Փիլիսոփայություն
Philosophy of language,Լեզվի փիլիսոփայություն
Philosophy of science,Գիտության փիլիսոփայություն
Photographers,Լուսանկարիչներ
Photographs,Լուսանկարներ
Physical constants,Ֆիզիկական հաստատուններ
Physical cosmology,Ֆիզիկական տիեզերագիտություն
Physics and astronomy,Ֆիզիկա և աստղագիտություն
Physics basics,Ֆիզիկայի հիմունքներ
Pianists,Դաշնակահարներ
Piciformes,Փայտփորանմաններ
Pigeons,Աղավնիներ
Pigs,Խոզեր
Pilosa,Թերատամնավորներ
Pinnipeds,Մաշկոտանիներ
Pinophyta (conifers),Մերկասերմեր
Planetary science,Մոլորակների գիտություն
Plant anatomy and morphology,Բույսերի անատոմիա և մորֆոլոգիա
Plant cells,Բույսի բջիջներ
Plant reproduction,Բույսերի վերարտադրությոն
Plant stem,Բույսի ցողուն
Plant tissues,Բուսական հյուսվածքներ
Plants,Բույսեր
Plants with edible fruit-like structures,Ուտելի մրգի նման կառուցվածքով բույսեր
Platyzoa,
Playwrights,Դրամատուրգներ
Pleuronectiformes,
Poales,Հացածաղկավորներ
Podcasts,Փոդքասթներ
Poetic works of antiquity,Հնագույն շրջանի բանաստեղծություններ
Poetic works of early printed book era,Վաղ տպագրական շրջանի բանաստեղծություններ
Poetic works of modern era,Մոդեռն շրջանի բանաստեղծություններ
Poetic works of the medieval era,Միջնադարյան շրջանի բանաստեղծություններ
Poetry,Պոեզիա
Poets,Բանաստեղծներ
Poisonous fungi,Թունավոր սունկ
Poland,Լեհաստան
Poland and Lithuania,Լեհաստան և Լիտվա
Polish,Լեհերեն
Political charters,Քաղաքական կանոնադրություններ
Political crimes/prisoners,Քաղաքական հանցագործություններ և քաղբանտարկյալներ
Political internationals,Քաղաքական ինտերնացիոնալներ
Political parties,Քաղաքական կուսակցություններ
Political scientists and writers,Քաղաքագետներ և գրողներ
Politics and government,Քաղաքականություն և կառավարություն
Politics of specific countries,Հատուկ երկրների քաղաքականություն
Polo,Պոլո
Polynesia,Պոլինեզիա
Polynesian mythology,Պոլինեզիական առասպելաբանություն
Polypteriformes,Բազմալողակավորներ
Pomes,Պալարապտղավորներ
Pop music,Փոփ երաժշտություն
Popes,Հռոմի պապեր
Popular music,Փոփ երաժշտություն
Porifera,Սպունգներ
Pornographic,Պոռնոգրաֆիական
Portable buildings and shelters,Շարժական շենքեր և ապաստարաններ
Portugal,Պորտուգալիա
Portuguese,Պորգտուգալերեն
Post-1945,1945 թվականից հետո
Post-2000,2000 թվականից հետո
Post-Hardcore and emo,Պոստ հարդքոր և էմո
Post-romantic/early modern,Հետռոմանտիկական/ վաղ մոդեռն
Power,Ուժ
Powerboat racing,Մոտորանավային մրցարշավ
Practices,Սովորույթներ
Pre-1960,1960 թվականից առաջ
Pre-modern,Նախամոդեռն
Pre-modern art,Նախամոդեռն արվեստ
Pre-modern figures,Նախամոդեռն անձինք
Pre-Schism,Սխիզմայից առաջ
Precipitation,Տեղումներ
Prehistoric and ancient art,Նախապատմական և հնագույն արվեստ
Prehistoric fish,Նախապատմական ձկներ
Prehistoric marine reptiles,Նախապատմական ծովային սողուններ
Prehistoric reptiles,Նախապատմական սողուններ
Prehistory,Նախապատմություն
Prehistory and ancient history,Նախապատմություն և հնագույն պատմություն
Presidents,Նախագահներ
Pressure,Ճնշում
Primates,Պրիմատներ
Prime Ministers,Վարչապետներ
Principalities,Իշխանություններ
Probability,Հավանականություն
Proboscidea,Կնճիթավորներ
Procellariiformes,Մրրկահավեր
Procyonidae,Ջրարջեր
Professional wrestling,Պրոֆեսիոնալ ըմբշամարտ
Professions,Մասնագիտություններ
Programming languages,Ծրագրավորման լեզուներ
Programs,Ծրագրեր
Programs and launch sites,Ծրագրեր և գործարկման կայքեր
Projectile weapons,Հրետանային զենքեր
Proteales,
Protective devices,Պաշտպանական սարքեր
Proteins,Սպիտակուցներ
Protestantism,Բողոքականություն
Provinces,Նահանգներ
"Prussia, Germany","Պրուսիա, Գերմանիա"
Pseudocereals,Պսևդոհացահատիկային մշակաբույս
Pseudolinguistics,Պսևդոլեզվաբանություն
Pseudoscience,Պսևդոգիտություն
Psittaciformes,Թութականմաններ
Psychologists,Հոգեբաններ
Psychology,Հոգեբանություն
Pteridophytes,Պտերներ
Pterosaurs,Թռչող թեփամորթներ
"Public relations, marketing and advertising theorists","Հանրային կապերի, մարքեթինգի և գովազդի տեսաբան"
Publishers and editors,Հրատարակիչներ և խմբագիրներ
Puerto Rico,Պուերտո Ռիկո
Pulses,Հատիկաընդեղեն բույսեր
Punk music,Փանկ երաժշտություն
Puppetry,Խամաճիկների թատրոն
Qatar,Կատար
Qawwali,Քավվալի
Quails,Լորեր
Quantum mechanics,Քվանտային մեխանիկա
Rabbits,Ճագարներ
Racing,Մրցավազք
Racquetball,Ռակետբոլ
Radio,Ռադիո
Radio and podcast hosts,Ռադիո և փոդքասթ հաղորդավարներ
Radio and television,Ռադիո և հեռուստատեսություն
Radio astronomy,Ռադիոաստղագիտություն
Rail operators,Երկաթուղային օպերատորներ
Rail transport,Երկաթուղի
Railway lines,Երկաթուղային գծեր 
Railway services,Երկաթուղային ծառայություններ
Ranunculales,Հրանունկ 
Rapid transit,Արագ տարանցում 
Ratio,Հարաբերակցություն 
Ratites,Ջայլամանմաններ
Reactions,Ռեակցիաներ
Real analysis,Իրական վերլուծություն 
"Rebels, revolutionaries and activists","Ապստամբներ, հեղափոխականներ և ակտիվիստներ "
Recreation,Ռեկրեացիա 
Recreation and tourism,Ռեկրեացիա և տուրիզմ 
Recreational drugs,Ռեկրեացիոն դեղեր 
Reference works,Տեղեկատու գրքեր
Reggae,Ռեգգի 
Regions and country subdivisions,Մարզեր և երկրի վարչատարածքային միավորներ
Religion and spirituality,Կրոն և հոգևորականություն 
Religious law,Կրոնական օրենք 
Religious music,Կրոնական երաժշտություն 
Religious philosophy,Կրոնական փիլիսոփայություն 
Renaissance,Վերածնունդ 
Renaissance and early modern era,Վերածնունդ և վաղ ժամանակակից դարաշրջան 
Renaissance art,Վերածննդի արվեստ
Renaissance to early modern era,Վերածննդից մինչև վաղ ժամանակակից դարաշրջան
Reproductive system,Վերարտադրողական համակարգ
Reptiles,Սողուններ 
Republic of Congo,Կոնգոյի Հանրապետություն 
Residential buildings and housing units,Բնակելի շինություններ և բնակարանային միավորներ 
Respiratory system,Շնչառական համակարգ 
Retail,Մանրածախ վաճառք 
Retailers,Մանրածախ վաճառողներ 
Rhizaria,Ռիզարիա
Rhodesia and Zimbabwe,Ռոդեզիա և Զիմբաբվե 
Rhynchocephalia,Կնճիթագլուխներ
Rights,Իրավունքներ
River deltas,Գետի դելտաներ 
Rivers,Գետեր
Rodents,Կրծողներ
Rodeo,Ռոդեո
Roller derby,Ռոլլեր դերբի 
Roller skating sports,Անվավոր չմուշկներով սպորտ
Rolling stock manufacturers,Երկաթուղային մեքենաշինություն
Roman deities and mythological people,Հռոմեական աստվածություններ և դիցաբանական կերպարներ 
Romance films,Ռոմանտիկ ֆիլմեր
Romance languages,Ռոմանական լեզուներ 
Romance novels,Ռոմանտիկ վեպեր
Romania,Ռումինիա
Romantic,Ռոմանտիկա 
Rooms and spaces,Սենյակներ և տարածքներ 
Root vegetables,Արմատապտուղներ
Rosales,Վարդազգիներ 
Rovers,Ռովերներ
Rowing and kayaking,Թիավարություն և կայակինգ
Royals,Թագավորական ընտանիքի ներկայացուցիչներ
Rugby (30/30 quota),Ռեքբի (30/30 քվոտա)
Rugby league,Ռեգբիի լիգա
Rugby union,Ռեքբիի միություն
Russell Group,Ռուսսել գրուպ
Russia,Ռուսաստան
Russia and Ukraine,Ռուսաստան և Ուկրաինա
Russia and USSR,Ռուսաստան և Խորհրդային Սոցիալիստական Հանրապետությունների Միություն
Russian,Ռուսերեն
S. Korea,Հարավային Կորեա
Sailing,Նավարկություն
Saint Kitts and Nevis,Սենտ Քիթս և Նևիս 
Saint Lucia,Սենթ Լյուսիա 
Saint Vincent and the Grenadines,Սենթ Վինսենթ և Գրենադիններ 
Salamanders and newts (6 articles)),Սալամանդրներ և տրիտոններ
Salmoniformes,Սաղմոնաձկներ
Samoa,Սամոա
Sapindales,Օճառածաղկավորներ
Satirical/Gossip,Երգիծանք/բամբասանք 
Saudi Arabia,Սաուդյան Արաբիա
Saxifragales,
Scandinavia,Սկանդինավիա 
Schools,Դպրոցներ 
Science basics,Գիտության հիմունքներ 
Science fiction and fantasy,Գիտաֆանտաստիկա և ֆանտազիա
Scorpaeniformes,
Scotland,Շոտլանդիա
Scrabble 1/1,Սկրեբլ
Sculptors,Քանդակագործներ 
Sculpture,Քանդակ
Seabed,Օվկիանոսի հատակ
Seasons,Եղանակներ
SEC,Արժեթղթերի և փոխանակման հանձնաժողով
Second-degree relatives,Երկրորդ կարգի հարազատներ
Securities,Արժեթղթեր
Sedimentology,Ողողատագիտություն
Seismology,Երկրաշարժագիտություն
Senegal,Սենեգալ
Separation processes,Առանձնացման գործընթաց
Sequences and series,Հաջորդականություններ և շարքեր
Serbia,Սերբիա
"Serbian, Croatian and Bosnian languages","Սերբերեն, խորվաթերեն և բոսնիերեն"
Services and institutions,Ծառայություններ և հաստատություններ
Set Theory,Բազմությունների տեսություն
Sex crimes,Սեռական հանցագործություններ
Sex work,Սեռական աշխատանք
Sexologists,Սեքսապաթոլոգներ 
Sexuality and gender,Սեռականություն և գենդեր
Shakespeare,Շեքսպիր
Sharks,Շնաձկներ
Sheep,Ոչխար
Shia Islam,Շիա իսլամ
Shikoku,Սիկոկու
Shinto,Սինտոիզմ
Shipping routes,Առաքման ուղիներ
Shogi 1/1,Սյոգի
Shooting sports,Հրաձգային սպորտ
Show tunes,Մյուզիքլի երգեր
Siberia,Սիբիր
Sideshow performers,Սայդշոու կատարողներ
Sierra Leone,Սիերա Լեոնե 
Sign language,Ժեստերի լեզու
Sikhism,Սիկհականություն
Siluriformes,Լոքոազգիներ
Singapore,Սինգապուր
Singers,Երգիչներ
Sino-Tibetan languages,Սինատիբեթյան լեզուներ
Sirenia,Ծովավիշապ
Skateboarding,Սքեյթբորդ
Skating,Սքեյթինգ
Skeleton,Կմախք
Skydiving and BASE jumping,Սկայդայվինգ և բեյսջամփինգ
Slavic languages,Սլավոնական լեզուներ
Slovakia,Սլովակիա
Snakes,Օձեր
Snooker,Սնուկեր
Social classes,Դասակարգային կառուցվածք
Social scientists,Հասարակական գիտություններ
Social status,Սոցիալական կարգավիճակ
Socialites,Հասարակություններ
Societal adaptations,Հասարակական հարմարվողականություններ
Society,Հասարակություն
Sociologists,Սոցիոլոգներ
Sociology,Սոցիոլոգիա
Softball,Սոֆթբոլ
Software development,Ծրագրային ապահովման մշակում 
Soil and Soil management,Հող և հողի կառավարում
Soil mechanics,Գրունտների մեխանիկա
Solanales,Մորմածաղկավորներ
Solar System,Արեգակնային համակարգ
Solid angle,Մարմնային անկյուն
Solid mechanics,Հոծ միջավայրի մեխանիկա
Solomon Islands,Սողոմոնյան Կղզիներ
Somalia,Սոմալի
Somalia (2 articles,Սոմալի
Soricomorpha,Սրնչականմաններ
Sound change and alternation,Ձայնի փոփոխություն և հնչյունափոխություն
Sources of law,Իրավունքի աղբյուրներ
South,Հարավ
South Africa,Հարավային Աֆրիկա
South Africa,Հարավային Աֆրիկա
South America,Հարավային Ամերիկա
South Asia,Հարավային Ասիա
South Central China,Հարավկենտրոնական Չինաստան
South Korea,Հարավային Կորեա
South Korea,Հարավային Կորեա
Southeast Asia,Հարավարևելյան Ասիա
Southeastern Asia,Հարավարևելյան Ասիա
Southeastern Europe,Հարավարևելյան Եվրոպա
Southern Africa,Հարավային Աֆրիկա
Southern and Central Africa,Հարավային և Կենտրոնական Աֆրիկա
Southern Asia,Հարավային Ասիա
Southern Europe,Հարավային Եվրոպա
Southern India,Հարավային Հնդկաստան
Southwest China,Հարավարևմտյան Չինաստան
Soviet Union,Խորհրդային Միություն
Soviet Union/Russia,Խորհրդային Միություն/Ռուսաստան
Space travelers,Տիեզերական ճանապարհորդներ
Space-based observatories,Տիեզերական աստղադիտարաններ
Spain,Իսպանիա
Spain,Իսպանիա
Spain and Portugal,Իսպանիա և Պորտուգալիա
Spanish,Իսպաներեն
Specific,Հատուկ
Specific aircraft,Հատուկ ինքնաթիռ
Specific alloys,Հատուկ համաձուլվածքներ
Specific amusement parks,Հատուկ զվարճանքի այգիներ
Specific computers,Հատուկ համակարգիչներ
Specific courts,Հատուկ դատարաններ
Specific currencies,Հատուկ արժույթներ
Specific films,Հատուկ ֆիլմեր
Specific firearms,Հատուկ հրազեն
Specific functions,Հատուկ գործառույթներ
Specific holidays,Հատուկ տոներ
Specific infrastructure,Հատոուկ ենթակառուցվածքներ
Specific intensity,Հատուկ ինտենսիվություն
Specific languages,Հատուկ լեզուներ
Specific magazines,Հատուկ ամսագրեր
Specific musical works,Հատուկ երաժշտական աշխատանքներ
"Specific periods, centuries, eras, and movements","Հատուկ ժամանակաշրջան, հարյուրամյակ, դարաշրջան և շարժումներ"
Specific structures,Հատուկ կառուցվածքներ
Specific video games and series,Հատուկ վիդեո խաղեր և սերիաներ
Specific works of literature,Հատուկ գրական աշխատանքներ
Specific works of visual art,Հատուկ կերպարվեստի աշխատանքներ
Speculative fiction,Մտահայեցողական գեղարվեստական գրականություն
Speed,Արագություն
Speed skating,Արագ չմշկասահք
Speedcubing,Սպիդկուբինգ
Speedrun,Խաղի արագընթաց անցում
Spelling,Ուղղագրություն
Sphenisciformes,Պինգվինանմաններ
Sports,Սպորտաձևեր
Sports,Սպորտաձևեր
"Sports business-people, coaches, and referees (150/150 quota)","Սպորտային գործարարներ, մարզիչներ և մրցավարներ (150/150 մաս)"
Sports entertainers,Սպորտային զվարճանքներ
Sports equipment,Սպորտային սարքավորումներ
"Sports journalists, commentators and sports announcers","Սպորտային լրագրողներ, մեկնաբաններ և սպորտային հաղորդավարներ"
Sports leagues,Սպորտային լիգաներ
Sports organizations,Սպորտային կազմակերպություններ
Sports teams,Սպորտային հավաքականներ
Squash,Սքվոշ
Sri Lanka,Շրի Լանկա
Stagecraft,Բեմական արվեստ
Stages of life,Կյանքի փուլեր
State structure and administration,Պետական կառուցվածք և կառավարում
State-like entities,Պետական կազմակերպություններ
States,Պետություններ
States of matter,Ագրեգատային վիճակ
Statistical mechanics,Վիճակագրական մեխանիկա
Statistics and probability,Վիճակագրություն և հավանականություն
Statutory law,Կանոնադրական օրենք
Stellar astronomy,Աստղային աստղագիտություն
Stepfamily,Խորթ ընտանիք
Steroids,Ստերոիդներ
Stomiiformes,
Stone fruits,Կորիզավոր մրգեր
Storms,Փոթորիկ
Straits,Նեղուցներ
Stratigraphy,Շերտագրություն (Երկրաբանություն)
Street art,Փողոցային արվեստ
Strength based sports,Ուժային սպորտաձևեր
Strepsirrhini,Կիսակապիկներ
Strigiformes,Բվանմաններ
String instruments,Լարային գործիքներ
Structural geology,Կառուցվածքային երկրաբանություն
Stunt performers and pranksters,Հնարք կատարողներ և պրանկերներ
Styles,Ոճեր
Subatomic particles,Ներատոմային մասնիկներ
Subjects,Առարկաներ
Sudan,Սուդան
Sufism,Սուֆիզմ
Sulawesi,Սուլավես
Sumatra,Սումատրա
Sumer,Շումեր
Summer Olympics,Ամառային Օլիմպիական խաղեր
Sumo,Սումո
Sunni Islam,Սուննի իսլամ
Superhero media,Սուպերհերոսների լրատվամիջոցներ
Superhero movies,Սուպերհերոսների ֆիլմեր
Surfing,Սերֆինգ
Suriname,Սուրինամ
Sweden,Շվեդիա
Sweden,Շվեդիա
Swedish,Շվեդերեն
Swimming,Լող
Swimming (20/20 quota),Լող (20/20 մաս)
Switzerland,Շվեյցարիա
Switzerland,Շվեյցարիա
Swords,Թրեր
Symptoms and signs,Ախտանիշներ և նշաններ
Syngnathiformes,
Syracuse,Սիրակուզա
Syria,Սիրիա
Table tennis,Սեղանի թենիս
Tabletop games,Սեղանի խաղեր
Tagalog and other Filipino languages,Թանգալերեն և այլ Ֆիլիպինյան լեզուներ
Tahiti,Տահիտի
Taiwan,Թայվան
Tajikistan,Տաջիկստան
Tanzania,Տանզանիա
Taoism,Դաոսականություն
Tattooists,Դաջվածքների արտիստ
Taxation,Հարկում
Team sports,Թիմային սպորտաձևեր
Techniques,Տեխնիկա
Tectonic plates,Սալերի տեկտոնիկա
Tectonics,Տեկտոնիկա
Television,Հեռուստատեսություն
Television,Հեռուստատեսություն
Television by country,Հեռուստատեսությունը ըստ երկրների
Television hosts and personalities,Հեռուստահաղորդավարներ և անձնակազմ
Television networks and channels,Հեռուստատեսային ցանցեր և ալիքներ
Television programs,Հեռուստահաղորդումներ
Temperature,Ջերմաստիճան
Tennis,Թենիս
Tennis (50/50 quota),Թենիս (50/50 քվոտա)
Terminology,Տերմինաբանություն
Terms,
Territories,Տարածքներ
Terrorism,Ահաբեկչություն
Tetraodontiformes,Ձուլածնոտայիններ
Textile designers,Տեքստիլային դիզայներներ
Textiles,Տեքստիլային գործվածք
Texts,Տեքստեր
Thai,Թաիլանդերեն
Thai Buddhism,Բուդդայակնությունը Թաիլանդում
Thailand,Թաիլանդ
The Bahamas,Բահամյան կղզիներ
Theatre,Թատրոն
Theistic philosophies,Թեիզմ
Theology,Աստվածաբանություն
Theoretical computer science,Տեսական ինֆորմատիկա
Thermodynamics,Ջերմադինամիկա
THESE NEED TO BE MOVED TO BIOLOGY,
"Thievery, robbery and hijacking","Գողություն, կողոպուտ և առևանգում"
Third-degree relatives,Երրորդ կարգի հարազատներ
Three-dimensional space,Եռաչափ տարածություն
Tibetan Buddhism,Տիբեթական բուդդայականություն
Time,Ժամանակ
Tinamiformes,
Tissues,Հյուսվածքներ
Titles,Անուններ
Tōhoku,Տոհոկու
Tonga,Տոնգա
Tools,Գործիքներ
Topology,Տոպոլոգիա
Torque,Ուժի մոմենտ
Toys,Խաղալիքներ
Track and Field,
Tradespeople,Վաճառականներ
Traditional music,Ավանդական երաժշտություն
Traditions,Ավանդույթներ
Transport,Տրանսպորտ
Transport,Տրանսպորտ
Transport infrastructure,Տրանսպորտային ենթակառուցվածքներ
Transportation,Փոխադրում
Trees and Forestry,Ծառեր և անտառաբուծություն
Trinidad and Tobago,Տրինիդադ և Տոբագո
Trogoniformes,
Tropical and tropical-like fruit,Արևադարձային մրգեր
TU9,ՏՀ9
Tug of war,Պարանի ձգում
Tunicata,Պարեգոտավորներ
Tunisia,Թունիս
Tunnels,Գետնուղիներ
Turkey,Թուրքիա
Turkey,Թուրքիա
Turkeys,Հնդկահավեր
Turkic languages,Թյուրքական լեզուներ
Turkish,Թուրքերեն
Turtles,Կրիաներ
Two-dimensional space,Երկչափ տարածություն
Typeface designers,Տիպոգրաֆիկայի դիզայներներ
Types of games,Խաղերի տեսակներ
Tyranni,Տիրան
U15,Մ-15
Uganda,Ուգանդա
UK and Ireland,Մեծ Բրիտանիա և Իռլանդիա
Ukraine,Ուկրաինա
Ukrainian,Ուկրաիներեն
Underwear,Ներքնազգեստ
Unified Germany,Միասնական Գերմանիա
United Arab Emirates,Արաբական Միացյալ Էմիրություններ
United Kingdom,Միացյալ Թագավորություն
United Kingdom,Միացյալ Թագավորություն
United Nations,Միավորված ազգերի կազմակերպություն
United States,Միացյալ Նահանգներ
United States,Միացյալ Նահանգներ
Units of measurement,Չափման միավորներ
University systems,Համալսարանական համակարգեր
Unmanned spacecraft,Անօդաչու տիեզերանավ
"Unrecognized or largely unrecognized states, and disputed regions",Չճանաչված կամ հիմնականում չճանաչված պետություններ և վիճելի տարածքներ
Uralic languages,Ուրալյան լեզուներ
Urban planners and landscape architects,Քաղաքային և լանդշաֆտային ճարտարապետներ
Urban studies and planning,Քաղաքների պլանավորում
Urinary system,Արտազատական համակարգ
US and Canada,ԱՄՆ և Կանադա
User interface,Օգտագործողի ինտերֆեյս
Utility software,Ծրագրակազմ
Vaccines,Պատվաստանյութ
Vanuatu,Վանուատու
"Vaudeville, minstrelsy, music hall and chorus performers","Վոդևիլի, մենեստրելի, խոռի կատարողներ"
Vegetables,Բանջարեղեն
Venezuela,Վենեսուելա
Victims,Զոհեր
Video games,Համակարգչային խաղեր
Vietnam,Վիետնամ
Vietnamese,Վիետնամերեն
Villains,Չարագործներ
Violinists,Ջութակահարներ
Visayas,Վիսարյան կղզիներ
Viscosity,Մածուցիկություն
Visual artists (800/800 article quota),
Vocabulary,Բառապաշար
"Voice actors, radio announcers and narrators","Հնչյունավորողներ, ռադիոհաղորդավարներ և պատմիչներ"
Volcanology,Հրաբխագիտություն
Volleyball,Վոլեյբոլ
Volume,Ծավալ
Volumetric flow rate,Ծավալային հոսք
Wales,Ուելս
War,Պատերազմ
War and military,Պատերազմ և բանակ
War novels,Պատերազմական վեպեր
Warfare by type,Ռազմական գործողություններ ըստ տեսակի
Warlord Era,Միլիտարական դարաշրջան
Wars by type,Պատերազմներ ըստ տեսակի
Water,Ջուր
Water polo,Ջրագնդակ
Water sports,Ջրային սպորտաձևեր
Water sports,Ջրային սպորտաձևեր
Waterfalls,Ջրվեժներ
Watersheds,Ջրբաժաններ
Waves,Ալիքներ
Weapon of mass destruction,Զանգվածային ոչնչացման զենք
Web journalists,Հմացանցային լրագրողներ
Webcomics,Համացանցային կոմիքսներ
Websites,Կայքեր
West,Արևմուտք
West Africa,Արևմտյան Աֆրիկա
West Asia,Արևմտյան Ասիա
West Germany,Արևմտյան Գերմանիա
Western,Արևմտյան
Western Africa,Արևմտյան Աֆրիկա
Western art music,Արևմտյան երաժշտություն
Western Asia,Արևմտյան Ասիա
Western classical music,Արևմտյան դասական երաժշտություն
Western esotericism and new religious movements,Արևմտյան էզոթերիզմ և նոր կրոնական ուղղություններ
Western Europe,Արևմտյան Եվրոպա
Western folklore,Արևմտյան մշակույթ
Western India,Արևմտյան Հնդկաստան
Wetlands,Ջրաճահճային տարածքներ
White collar crime,«Սպիտակ օձիքավոր» հանցագործություն
Wind instruments,Փողային երաժշտական գործիքներ
Winds,Քամիներ
Winter Olympics,Ձմեռային Օլիմպիական խաղեր
Winter sports,Ձմեռային սպորտաձևեր
World music,Համաշխարհային երաժշտություն
World War II,Երկրորդ համաշխարհային պատերազմ
Wrestling,Ըմբշամարտ
Xiangqi 1/1,Սյանցի 1/1
Yemen,Եմեն
Zambia,Զամբիա
Zimbabwe,Զիմբաբվե
Zingiberales,Կոճապղպեղածաղկավորներ
Zoology,Կենդանաբանություն
Zoroastrianism,Զրադաշտականություն
"Journalists: General","Լրագրողներ, ընդհանուր"
"Sports journalists, commentators and sports announcers","Սպորտային լրագրողներ, մեկնաբաններ և սպորտային հաղորդավարներ"
Painters,Նկարիչներ
Late modern era,Ուշ մոդեռն շրջան
"Cartoonists, comics artists, illustrators, manga artists and animators","Ծաղրանկարիչներ, կոմիքսների նկարիչներ, նկարազարդողներ, մանգա նկարիչներ և անիմատորներ"
"Designers: General","Դիզայներ, ընդհանուր"
"Contemporary art: General","Ժամանակակից արվետ, ընդհանուր"
Cambodian,Կամբոջա