En	HyLong	HyMid	HyShort	HyMissing
Wikipedia:Vital articles/Level/5/People/Writers and journalists	Վիքիպեդիա:Կարևորագույն հոդվածներ, որոնք երկար են/Մարդիկ/Գրողներ և լրագրողներ	Վիքիպեդիա:Կարևորագույն հոդվածներ, որոնք միջին են/Մարդիկ/Գրողներ և լրագրողներ	Վիքիպեդիա:Կարևորագույն հոդվածներ, որոնք կարճ են/Մարդիկ/Գրողներ և լրագրողներ	Վիքիպեդիա:Կարևորագույն հոդվածներ, որոնք բացակայում են/Մարդիկ/Գրողներ և լրագրողներ
Wikipedia:Vital articles/Level/5/People/Artists, musicians, and composers	Վիքիպեդիա:Կարևորագույն հոդվածներ, որոնք երկար են/Մարդիկ/Նկարիչներ, երաժիշտներ և կոմպոզիտորներ	Վիքիպեդիա:Կարևորագույն հոդվածներ, որոնք միջին են/Մարդիկ/Նկարիչներ, երաժիշտներ և կոմպոզիտորներ	Վիքիպեդիա:Կարևորագույն հոդվածներ, որոնք կարճ են/Մարդիկ/Նկարիչներ, երաժիշտներ և կոմպոզիտորներ	Վիքիպեդիա:Կարևորագույն հոդվածներ, որոնք բացակայում են/Մարդիկ/Նկարիչներ, երաժիշտներ և կոմպոզիտորներ
Wikipedia:Vital articles/Level/5/People/Entertainers, directors, producers, and screenwriters	Վիքիպեդիա:Կարևորագույն հոդվածներ, որոնք երկար են/Մարդիկ/Հաղորդավարներ, ռեժիսորներ, պրոդյուսերներ և սցենարիստներ	Վիքիպեդիա:Կարևորագույն հոդվածներ, որոնք միջին են/Մարդիկ/Հաղորդավարներ, ռեժիսորներ, պրոդյուսերներ և սցենարիստներ	Վիքիպեդիա:Կարևորագույն հոդվածներ, որոնք կարճ են/Մարդիկ/Հաղորդավարներ, ռեժիսորներ, պրոդյուսերներ և սցենարիստներ	Վիքիպեդիա:Կարևորագույն հոդվածներ, որոնք բացակայում են/Մարդիկ/Հաղորդավարներ, ռեժիսորներ, պրոդյուսերներ և սցենարիստներ
Wikipedia:Vital articles/Level/5/People/Philosophers, historians, political and social scientists	Վիքիպեդիա:Կարևորագույն հոդվածներ, որոնք երկար են/Մարդիկ/Փիլիսոփաներ, պատմաբաններ, քաղաքական և հասարակական գիտնականներ	Վիքիպեդիա:Կարևորագույն հոդվածներ, որոնք միջին են/Մարդիկ/Փիլիսոփաներ, պատմաբաններ, քաղաքական և հասարակական գիտնականներ	Վիքիպեդիա:Կարևորագույն հոդվածներ, որոնք կարճ են/Մարդիկ/Փիլիսոփաներ, պատմաբաններ, քաղաքական և հասարակական գիտնականներ	Վիքիպեդիա:Կարևորագույն հոդվածներ, որոնք բացակայում են/Մարդիկ/Փիլիսոփաներ, պատմաբաններ, քաղաքական և հասարակական գիտնականներ
Wikipedia:Vital articles/Level/5/People/Religious figures	Վիքիպեդիա:Կարևորագույն հոդվածներ, որոնք երկար են/Մարդիկ/Կրոնական գործիչներ	Վիքիպեդիա:Կարևորագույն հոդվածներ, որոնք միջին են/Մարդիկ/Կրոնական գործիչներ	Վիքիպեդիա:Կարևորագույն հոդվածներ, որոնք կարճ են/Մարդիկ/Կրոնական գործիչներ	Վիքիպեդիա:Կարևորագույն հոդվածներ, որոնք բացակայում են/Մարդիկ/Կրոնական գործիչներ
Wikipedia:Vital articles/Level/5/People/Politicians and leaders	Վիքիպեդիա:Կարևորագույն հոդվածներ, որոնք երկար են/Մարդիկ/Քաղաքական գործիչներ և առաջնորդներ	Վիքիպեդիա:Կարևորագույն հոդվածներ, որոնք միջին են/Մարդիկ/Քաղաքական գործիչներ և առաջնորդներ	Վիքիպեդիա:Կարևորագույն հոդվածներ, որոնք կարճ են/Մարդիկ/Քաղաքական գործիչներ և առաջնորդներ	Վիքիպեդիա:Կարևորագույն հոդվածներ, որոնք բացակայում են/Մարդիկ/Քաղաքական գործիչներ և առաջնորդներ
Wikipedia:Vital articles/Level/5/People/Military personnel, revolutionaries, and activists	Վիքիպեդիա:Կարևորագույն հոդվածներ, որոնք երկար են/Մարդիկ/Զինվորականներ, հեղափոխականներ և ակտիվիստներ	Վիքիպեդիա:Կարևորագույն հոդվածներ, որոնք միջին են/Մարդիկ/Զինվորականներ, հեղափոխականներ և ակտիվիստներ	Վիքիպեդիա:Կարևորագույն հոդվածներ, որոնք կարճ են/Մարդիկ/Զինվորականներ, հեղափոխականներ և ակտիվիստներ	Վիքիպեդիա:Կարևորագույն հոդվածներ, որոնք բացակայում են/Մարդիկ/Զինվորականներ, հեղափոխականներ և ակտիվիստներ
Wikipedia:Vital articles/Level/5/People/Scientists, inventors, and mathematicians	Վիքիպեդիա:Կարևորագույն հոդվածներ, որոնք երկար են/Մարդիկ/Գիտնականներ, գյուտարարներ և մաթեմատիկոսներ	Վիքիպեդիա:Կարևորագույն հոդվածներ, որոնք միջին են/Մարդիկ/Գիտնականներ, գյուտարարներ և մաթեմատիկոսներ	Վիքիպեդիա:Կարևորագույն հոդվածներ, որոնք կարճ են/Մարդիկ/Գիտնականներ, գյուտարարներ և մաթեմատիկոսներ	Վիքիպեդիա:Կարևորագույն հոդվածներ, որոնք բացակայում են/Մարդիկ/Գիտնականներ, գյուտարարներ և մաթեմատիկոսներ
Wikipedia:Vital articles/Level/5/People/Sports figures	Վիքիպեդիա:Կարևորագույն հոդվածներ, որոնք երկար են/Մարդիկ/Սպորտի գործիչներ	Վիքիպեդիա:Կարևորագույն հոդվածներ, որոնք միջին են/Մարդիկ/Սպորտի գործիչներ	Վիքիպեդիա:Կարևորագույն հոդվածներ, որոնք կարճ են/Մարդիկ/Սպորտի գործիչներ	Վիքիպեդիա:Կարևորագույն հոդվածներ, որոնք բացակայում են/Մարդիկ/Սպորտի գործիչներ
Wikipedia:Vital articles/Level/5/People/Miscellaneous	Վիքիպեդիա:Կարևորագույն հոդվածներ, որոնք երկար են/Մարդիկ/Այլ	Վիքիպեդիա:Կարևորագույն հոդվածներ, որոնք միջին են/Մարդիկ/Այլ	Վիքիպեդիա:Կարևորագույն հոդվածներ, որոնք կարճ են/Մարդիկ/Այլ	Վիքիպեդիա:Կարևորագույն հոդվածներ, որոնք բացակայում են/Մարդիկ/Այլ
Wikipedia:Vital articles/Level/5/History	Վիքիպեդիա:Կարևորագույն հոդվածներ, որոնք երկար են/Պատմություն	Վիքիպեդիա:Կարևորագույն հոդվածներ, որոնք միջին են/Պատմություն	Վիքիպեդիա:Կարևորագույն հոդվածներ, որոնք կարճ են/Պատմություն	Վիքիպեդիա:Կարևորագույն հոդվածներ, որոնք բացակայում են/Պատմություն
Wikipedia:Vital articles/Level/5/Geography/Physical	Վիքիպեդիա:Կարևորագույն հոդվածներ, որոնք երկար են/Աշխարհագրություն/ֆիզիկական	Վիքիպեդիա:Կարևորագույն հոդվածներ, որոնք միջին են/Աշխարհագրություն/ֆիզիկական	Վիքիպեդիա:Կարևորագույն հոդվածներ, որոնք կարճ են/Աշխարհագրություն/ֆիզիկական	Վիքիպեդիա:Կարևորագույն հոդվածներ, որոնք բացակայում են/Աշխարհագրություն/ֆիզիկական
Wikipedia:Vital articles/Level/5/Geography/Countries	Վիքիպեդիա:Կարևորագույն հոդվածներ, որոնք երկար են/Աշխարհագրություն/Երկրներ	Վիքիպեդիա:Կարևորագույն հոդվածներ, որոնք միջին են/Աշխարհագրություն/Երկրներ	Վիքիպեդիա:Կարևորագույն հոդվածներ, որոնք կարճ են/Աշխարհագրություն/Երկրներ	Վիքիպեդիա:Կարևորագույն հոդվածներ, որոնք բացակայում են/Աշխարհագրություն/Երկրներ
Wikipedia:Vital articles/Level/5/Geography/Cities	Վիքիպեդիա:Կարևորագույն հոդվածներ, որոնք երկար են/Աշխարհագրություն/Քաղաքներ	Վիքիպեդիա:Կարևորագույն հոդվածներ, որոնք միջին են/Աշխարհագրություն/Քաղաքներ	Վիքիպեդիա:Կարևորագույն հոդվածներ, որոնք կարճ են/Քաղաքներ	Վիքիպեդիա:Կարևորագույն հոդվածներ, որոնք բացակայում են/Աշխարհագրություն/Քաղաքներ
Wikipedia:Vital articles/Level/5/Arts	Վիքիպեդիա:Կարևորագույն հոդվածներ, որոնք երկար են/Արվեստներ	Վիքիպեդիա:Կարևորագույն հոդվածներ, որոնք միջին են/Արվեստներ	Վիքիպեդիա:Կարևորագույն հոդվածներ, որոնք կարճ են/Արվեստներ	Վիքիպեդիա:Կարևորագույն հոդվածներ, որոնք բացակայում են/Արվեստներ
Wikipedia:Vital articles/Level/5/Philosophy and religion	Վիքիպեդիա:Կարևորագույն հոդվածներ, որոնք երկար են/Փիլիսոփայություն և կրոն	Վիքիպեդիա:Կարևորագույն հոդվածներ, որոնք միջին են/Փիլիսոփայություն և կրոն	Վիքիպեդիա:Կարևորագույն հոդվածներ, որոնք կարճ են/Փիլիսոփայություն և կրոն	Վիքիպեդիա:Կարևորագույն հոդվածներ, որոնք բացակայում են/Փիլիսոփայություն և կրոն
Wikipedia:Vital articles/Level/5/Everyday life	Վիքիպեդիա:Կարևորագույն հոդվածներ, որոնք երկար են/Առօրյա կյանք	Վիքիպեդիա:Կարևորագույն հոդվածներ, որոնք միջին են/Առօրյա կյանք	Վիքիպեդիա:Կարևորագույն հոդվածներ, որոնք կարճ են/Առօրյա կյանք	Վիքիպեդիա:Կարևորագույն հոդվածներ, որոնք բացակայում են/Առօրյա կյանք
Wikipedia:Vital articles/Level/5/Everyday life/Sports, games and recreation	Վիքիպեդիա:Կարևորագույն հոդվածներ, որոնք երկար են/Առօրյա կյանք/Սպորտ, խաղեր և հանգիստ	Վիքիպեդիա:Կարևորագույն հոդվածներ, որոնք միջին են/Առօրյա կյանք/Սպորտ, խաղեր և հանգիստ	Վիքիպեդիա:Կարևորագույն հոդվածներ, որոնք կարճ են/Առօրյա կյանք/Սպորտ, խաղեր և հանգիստ	Վիքիպեդիա:Կարևորագույն հոդվածներ, որոնք բացակայում են/Առօրյա կյանք/Սպորտ, խաղեր և հանգիստ
Wikipedia:Vital articles/Level/5/Society and social sciences/Culture	Վիքիպեդիա:Կարևորագույն հոդվածներ, որոնք երկար են/Մշակույթ	Վիքիպեդիա:Կարևորագույն հոդվածներ, որոնք միջին են/Մշակույթ	Վիքիպեդիա:Կարևորագույն հոդվածներ, որոնք կարճ են/Մշակույթ	Վիքիպեդիա:Կարևորագույն հոդվածներ, որոնք բացակայում են/Մշակույթ
Wikipedia:Vital articles/Level/5/Society and social sciences/Politics and economics	Վիքիպեդիա:Կարևորագույն հոդվածներ, որոնք երկար են/Քաղաքականություն և տնտեսություն	Վիքիպեդիա:Կարևորագույն հոդվածներ, որոնք միջին են/Քաղաքականություն և տնտեսություն	Վիքիպեդիա:Կարևորագույն հոդվածներ, որոնք կարճ են/Քաղաքականություն և տնտեսություն	Վիքիպեդիա:Կարևորագույն հոդվածներ, որոնք բացակայում են/Քաղաքականություն և տնտեսություն
Wikipedia:Vital articles/Level/5/Society and social sciences/Social studies	Վիքիպեդիա:Կարևորագույն հոդվածներ, որոնք երկար են/Սոցիալական գիտություններ	Վիքիպեդիա:Կարևորագույն հոդվածներ, որոնք միջին են/Սոցիալական գիտություններ	Վիքիպեդիա:Կարևորագույն հոդվածներ, որոնք կարճ են/Սոցիալական գիտություններ	Վիքիպեդիա:Կարևորագույն հոդվածներ, որոնք բացակայում են/Սոցիալական գիտություններ
Wikipedia:Vital articles/Level/5/Biology and health sciences/Biology	Վիքիպեդիա:Կարևորագույն հոդվածներ, որոնք երկար են/Կենսաբանական և առողջապահական գիտություններ/Կենսաբանություն	Վիքիպեդիա:Կարևորագույն հոդվածներ, որոնք միջին են/Կենսաբանական և առողջապահական գիտություններ/Կենսաբանություն	Վիքիպեդիա:Կարևորագույն հոդվածներ, որոնք կարճ են/Կենսաբանական և առողջապահական գիտություններ/Կենսաբանություն	Վիքիպեդիա:Կարևորագույն հոդվածներ, որոնք բացակայում են/Կենսաբանական և առողջապահական գիտություններ/Կենսաբանություն
Wikipedia:Vital articles/Level/5/Biology and health sciences/Animals	Վիքիպեդիա:Կարևորագույն հոդվածներ, որոնք երկար են/Կենսաբանական և առողջապահական գիտություններ/Կենդանիներ	Վիքիպեդիա:Կարևորագույն հոդվածներ, որոնք միջին են/Կենսաբանական և առողջապահական գիտություններ/Կենդանիներ	Վիքիպեդիա:Կարևորագույն հոդվածներ, որոնք կարճ են/Կենսաբանական և առողջապահական գիտություններ/Կենդանիներ	Վիքիպեդիա:Կարևորագույն հոդվածներ, որոնք բացակայում են/Կենսաբանական և առողջապահական գիտություններ/Կենդանիներ
Wikipedia:Vital articles/Level/5/Biology and health sciences/Plants	Վիքիպեդիա:Կարևորագույն հոդվածներ, որոնք երկար են/Կենսաբանական և առողջապահական գիտություններ/Plants	Վիքիպեդիա:Կարևորագույն հոդվածներ, որոնք միջին են/Կենսաբանական և առողջապահական գիտություններ/Plants	Վիքիպեդիա:Կարևորագույն հոդվածներ, որոնք կարճ են/Կենսաբանական և առողջապահական գիտություններ/Plants	Վիքիպեդիա:Կարևորագույն հոդվածներ, որոնք բացակայում են/Կենսաբանական և առողջապահական գիտություններ/Plants
Wikipedia:Vital articles/Level/5/Biology and health sciences/Health	Վիքիպեդիա:Կարևորագույն հոդվածներ, որոնք երկար են/Կենսաբանական և առողջապահական գիտություններ/Առողջապահություն	Վիքիպեդիա:Կարևորագույն հոդվածներ, որոնք միջին են/Կենսաբանական և առողջապահական գիտություններ/Առողջապահություն	Վիքիպեդիա:Կարևորագույն հոդվածներ, որոնք կարճ են/Կենսաբանական և առողջապահական գիտություններ/Առողջապահություն	Վիքիպեդիա:Կարևորագույն հոդվածներ, որոնք բացակայում են/Կենսաբանական և առողջապահական գիտություններ/Առողջապահություն
Wikipedia:Vital articles/Level/5/Physical sciences/Basics and measurement	Վիքիպեդիա:Կարևորագույն հոդվածներ, որոնք երկար են/Բնական գիտություններ/Հիմունքներ և չափումներ	Վիքիպեդիա:Կարևորագույն հոդվածներ, որոնք միջին են/Բնական գիտություններ/Հիմունքներ և չափումներ	Վիքիպեդիա:Կարևորագույն հոդվածներ, որոնք կարճ են/Բնական գիտություններ/Հիմունքներ և չափումներ	Վիքիպեդիա:Կարևորագույն հոդվածներ, որոնք բացակայում են/Բնական գիտություններ/Հիմունքներ և չափումներ
Wikipedia:Vital articles/Level/5/Physical sciences/Astronomy	Վիքիպեդիա:Կարևորագույն հոդվածներ, որոնք երկար են/Բնական գիտություններ/Աստղագիտություն	Վիքիպեդիա:Կարևորագույն հոդվածներ, որոնք միջին են/Բնական գիտություններ/Աստղագիտություն	Վիքիպեդիա:Կարևորագույն հոդվածներ, որոնք կարճ են/Բնական գիտություններ/Աստղագիտություն	Վիքիպեդիա:Կարևորագույն հոդվածներ, որոնք բացակայում են/Բնական գիտություններ/Աստղագիտություն
Wikipedia:Vital articles/Level/5/Physical sciences/Chemistry	Վիքիպեդիա:Կարևորագույն հոդվածներ, որոնք երկար են/Բնական գիտություններ/Քիմիա	Վիքիպեդիա:Կարևորագույն հոդվածներ, որոնք միջին են/Բնական գիտություններ/Քիմիա	Վիքիպեդիա:Կարևորագույն հոդվածներ, որոնք կարճ են/Բնական գիտություններ/Քիմիա	Վիքիպեդիա:Կարևորագույն հոդվածներ, որոնք բացակայում են/Բնական գիտություններ/Քիմիա
Wikipedia:Vital articles/Level/5/Physical sciences/Earth science	Վիքիպեդիա:Կարևորագույն հոդվածներ, որոնք երկար են/Բնական գիտություններ/Երկրի գիտություն	Վիքիպեդիա:Կարևորագույն հոդվածներ, որոնք միջին են/Բնական գիտություններ/Երկրի գիտություն	Վիքիպեդիա:Կարևորագույն հոդվածներ, որոնք կարճ են/Բնական գիտություններ/Երկրի գիտություն	Վիքիպեդիա:Կարևորագույն հոդվածներ, որոնք բացակայում են/Բնական գիտություններ/Երկրի գիտություն
Wikipedia:Vital articles/Level/5/Physical sciences/Physics	Վիքիպեդիա:Կարևորագույն հոդվածներ, որոնք երկար են/Բնական գիտություններ/Ֆիզիկա	Վիքիպեդիա:Կարևորագույն հոդվածներ, որոնք միջին են/Բնական գիտություններ/Ֆիզիկա	Վիքիպեդիա:Կարևորագույն հոդվածներ, որոնք կարճ են/Բնական գիտություններ/Ֆիզիկա	Վիքիպեդիա:Կարևորագույն հոդվածներ, որոնք բացակայում են/Բնական գիտություններ/Ֆիզիկա
Wikipedia:Vital articles/Level/5/Technology	Վիքիպեդիա:Կարևորագույն հոդվածներ, որոնք երկար են/Տեխնոլոգիա	Վիքիպեդիա:Կարևորագույն հոդվածներ, որոնք միջին են/Տեխնոլոգիա	Վիքիպեդիա:Կարևորագույն հոդվածներ, որոնք կարճ են/Տեխնոլոգիա	Վիքիպեդիա:Կարևորագույն հոդվածներ, որոնք բացակայում են/Տեխնոլոգիա
Wikipedia:Vital articles/Level/5/Mathematics	Վիքիպեդիա:Կարևորագույն հոդվածներ, որոնք երկար են/Մաթեմատիկա	Վիքիպեդիա:Կարևորագույն հոդվածներ, որոնք միջին են/Մաթեմատիկա	Վիքիպեդիա:Կարևորագույն հոդվածներ, որոնք կարճ են/Մաթեմատիկա	Վիքիպեդիա:Կարևորագույն հոդվածներ, որոնք բացակայում են/Մաթեմատիկա